,time_to_equilibrium,mean_happiness_checking_duration,mean_number_of_unhappy,median_number_of_unhappy,variance_of_unhappy_numbers,entropy_of_table_population,average_minority_percent,inter_table_variance_in_minority_percentages
0,1,0.0,0.0,0.0,0.0,1.3762266043445464,,
1,1,0.0,0.0,0.0,0.0,1.5444795210968603,0.35666666666666663,0.015511111111111111
2,1,0.0,10.0,10.0,200.0,1.5260394155804642,0.15,0.039999999999999994
3,1,0.0,0.0,0.0,0.0,1.4886936332683078,0.22000000000000003,0.01937777777777778
4,1,0.0,0.0,0.0,0.0,1.4964159349401391,0.1757142857142857,0.02635918367346939
5,1,0.0,0.0,0.0,0.0,1.4263010621165086,0.15555555555555553,0.03753086419753085
6,1,0.0,0.0,0.0,0.0,1.5571130980576458,0.3,0.06000000000000001
7,1,0.0,0.0,0.0,0.0,1.5571130980576455,0.3,0.035
8,1,0.0,10.0,10.0,200.0,1.4886936332683078,0.2866666666666667,0.03004444444444444
9,1,0.0,10.0,10.0,200.0,1.5841707585125298,0.04,0.0064
10,1,0.0,0.0,0.0,0.0,1.501327210229093,0.11666666666666665,0.021111111111111115
11,1,0.0,0.0,0.0,0.0,1.4263010621165084,0.23888888888888887,0.044938271604938275
12,1,0.0,0.0,0.0,0.0,1.4964159349401391,0.25857142857142856,0.03172244897959183
13,1,0.0,0.0,0.0,0.0,1.5444795210968603,0.24,0.02817777777777778
14,1,0.0,0.0,0.0,0.0,1.5741030017371853,0.3833333333333333,0.01
15,1,0.0,0.0,0.0,0.0,1.458174899361326,0.32166666666666666,0.02887777777777778
16,1,0.0,10.0,10.0,200.0,1.289921982609012,,
17,1,0.0,0.0,0.0,0.0,1.5741030017371853,0.16666666666666666,0.04444444444444445
18,1,0.0,0.0,0.0,0.0,1.5671808548329902,0.22999999999999998,0.041600000000000005
19,1,0.0,10.0,10.0,200.0,1.3350851650920204,,
20,1,0.0,0.0,0.0,0.0,1.4490023958526383,0.2333333333333333,0.05111111111111112
21,1,0.0,10.0,10.0,200.0,1.5047882836811908,0.3,0.06000000000000001
22,2,0.0,13.333333333333334,20.0,133.33333333333334,1.5671808548329902,0.0,0.0
23,1,0.0,0.0,0.0,0.0,1.5430293192600038,0.29047619047619044,0.02639455782312925
24,1,0.0,0.0,0.0,0.0,1.5444795210968603,0.10666666666666666,0.018844444444444445
25,1,0.0,0.0,0.0,0.0,1.5444795210968603,0.22333333333333333,0.015066666666666664
26,1,0.0,10.0,10.0,200.0,1.4702535277519118,0.24238095238095236,0.020708390022675733
27,1,0.0,0.0,0.0,0.0,1.5148560404565352,0.15333333333333335,0.02204444444444445
28,1,0.0,0.0,0.0,0.0,1.5741030017371853,0.26666666666666666,0.02888888888888889
29,1,0.0,0.0,0.0,0.0,1.5841707585125298,0.24666666666666665,0.02737777777777778
30,1,0.0,0.0,0.0,0.0,1.5444795210968603,0.4066666666666666,0.014844444444444443
31,1,0.0,0.0,0.0,0.0,1.5444795210968603,0.39666666666666667,0.009377777777777778
32,1,0.0,0.0,0.0,0.0,1.2353468116280646,,
33,1,0.0,0.0,0.0,0.0,1.5614694247763998,0.3466666666666666,0.000711111111111112
34,2,0.0,6.666666666666667,0.0,133.33333333333331,1.5571130980576455,0.11666666666666665,0.02111111111111111
35,1,0.0,0.0,0.0,0.0,1.4708084763221112,0.25,0.05
36,1,0.0,0.0,0.0,0.0,1.482887104712697,0.20714285714285713,0.010918367346938775
37,1,0.0,0.0,0.0,0.0,1.5013272102290933,0.15,0.039999999999999994
38,1,0.0,0.0,0.0,0.0,1.5444795210968603,0.10666666666666666,0.018844444444444445
39,1,0.0,10.0,10.0,200.0,1.5545472778722047,0.18666666666666668,0.02737777777777778
40,1,0.0,0.0,0.0,0.0,1.4305622903362423,0.22857142857142856,0.05183673469387756
41,1,0.0,0.0,0.0,0.0,1.4150225884935588,0.27999999999999997,0.0536
42,1,0.0,0.0,0.0,0.0,1.56718085483299,0.1,0.04000000000000001
43,1,0.0,0.0,0.0,0.0,1.501327210229093,0.24,0.0504
44,1,0.0,0.0,0.0,0.0,1.5047882836811908,0.2,0.06000000000000001
45,1,0.0,0.0,0.0,0.0,1.5444795210968603,0.20666666666666664,0.037511111111111106
46,1,0.0,0.0,0.0,0.0,1.5444795210968603,0.22333333333333333,0.02617777777777778
47,1,0.0,0.0,0.0,0.0,1.5741030017371853,0.2333333333333333,0.014999999999999996
48,1,0.0,0.0,0.0,0.0,1.4490023958526383,0.24,0.0504
49,1,0.0,0.0,0.0,0.0,1.3923212547574289,0.15,0.039999999999999994
50,1,0.0,0.0,0.0,0.0,1.5741030017371853,0.29999999999999993,0.001666666666666666
51,1,0.0,0.0,0.0,0.0,1.458174899361326,0.11499999999999999,0.0229
52,1,0.0,0.0,0.0,0.0,1.5217781873607303,0.2,0.026666666666666665
53,1,0.0,0.0,0.0,0.0,1.5444795210968603,0.15,0.039999999999999994
54,1,0.0,0.0,0.0,0.0,1.5444795210968603,0.16333333333333333,0.02337777777777778
55,1,0.0,0.0,0.0,0.0,1.349168943889662,0.19166666666666665,0.026111111111111113
56,1,0.0,0.0,0.0,0.0,1.5444795210968603,0.29,0.014177777777777779
57,1,0.0,10.0,10.0,200.0,1.3535252706084164,,
58,1,0.0,0.0,0.0,0.0,1.5741030017371853,0.15,0.017777777777777774
59,1,0.0,0.0,0.0,0.0,1.5444795210968603,0.24666666666666667,0.04337777777777778
60,1,0.0,10.0,10.0,200.0,1.5671808548329902,0.17,0.023600000000000003
61,1,0.0,10.0,10.0,200.0,1.5148560404565352,0.04,0.0064
62,1,0.0,0.0,0.0,0.0,1.5260394155804642,0.35238095238095235,0.03478458049886622
63,1,0.0,0.0,0.0,0.0,1.5444795210968603,0.2733333333333333,0.027733333333333332
64,1,0.0,0.0,0.0,0.0,1.5444795210968603,0.32999999999999996,0.0356
65,1,0.0,0.0,0.0,0.0,1.5614694247763998,0.24666666666666667,0.04337777777777778
66,1,0.0,10.0,10.0,200.0,1.5968043354733152,0.18,0.024600000000000004
67,1,0.0,0.0,0.0,0.0,1.4490023958526383,0.2333333333333333,0.05111111111111112
68,1,0.0,0.0,0.0,0.0,1.5134058386196787,0.23523809523809525,0.02896689342403628
69,1,0.0,0.0,0.0,0.0,1.5444795210968603,0.2633333333333333,0.030711111111111113
70,1,0.0,0.0,0.0,0.0,1.5260394155804642,0.20714285714285713,0.035918367346938776
71,1,0.0,0.0,0.0,0.0,1.56718085483299,0.36,0.0094
72,1,0.0,0.0,0.0,0.0,1.5047882836811908,0.19999999999999998,0.03777777777777778
73,1,0.0,0.0,0.0,0.0,1.5260394155804642,0.2357142857142857,0.043673469387755105
74,1,0.0,0.0,0.0,0.0,1.5134058386196787,0.15238095238095237,0.03573696145124717
75,1,0.0,10.0,10.0,200.0,1.5260394155804642,0.3071428571428571,0.03448979591836735
76,1,0.0,0.0,0.0,0.0,1.444646069133884,0.025,0.002500000000000001
77,1,0.0,10.0,10.0,200.0,1.5545472778722047,0.12000000000000002,0.025600000000000005
78,1,0.0,0.0,0.0,0.0,1.5841707585125298,0.24666666666666667,0.02737777777777778
79,1,0.0,0.0,0.0,0.0,1.5741030017371853,0.03333333333333333,0.0044444444444444444
80,1,0.0,0.0,0.0,0.0,1.5671808548329902,0.32,0.0126
81,1,0.0,0.0,0.0,0.0,1.5217781873607306,0.2,0.06000000000000001
82,1,0.0,0.0,0.0,0.0,1.5841707585125298,0.2333333333333333,0.04
83,1,0.0,0.0,0.0,0.0,1.5444795210968603,0.4133333333333333,0.005600000000000001
84,1,0.0,10.0,10.0,200.0,1.5571130980576458,0.3833333333333333,0.021111111111111112
85,1,0.0,0.0,0.0,0.0,1.5671808548329902,0.26999999999999996,0.029599999999999998
86,1,0.0,10.0,10.0,200.0,1.5260394155804642,0.15714285714285714,0.04163265306122449
87,1,0.0,10.0,10.0,200.0,1.5134058386196787,0.08571428571428572,0.02938775510204082
88,1,0.0,0.0,0.0,0.0,1.5671808548329902,0.08,0.009600000000000003
89,1,0.0,10.0,10.0,200.0,1.3762266043445464,,
90,1,0.0,0.0,0.0,0.0,1.458174899361326,0.065,0.006900000000000001
91,1,0.0,10.0,10.0,200.0,1.5217781873607303,0.1,0.040000000000000015
92,1,0.0,0.0,0.0,0.0,1.5444795210968603,0.05,0.010000000000000004
93,1,0.0,0.0,0.0,0.0,1.5968043354733152,0.30666666666666664,0.036177777777777774
94,1,0.0,0.0,0.0,0.0,1.4964159349401391,0.32571428571428573,0.03864489795918367
95,1,0.0,0.0,0.0,0.0,1.4964159349401391,0.16857142857142854,0.03366530612244899
96,1,0.0,10.0,10.0,200.0,1.5841707585125298,0.13,0.011600000000000003
97,1,0.0,0.0,0.0,0.0,1.4886936332683078,0.11333333333333333,0.024711111111111107
98,1,0.0,0.0,0.0,0.0,1.5841707585125298,0.3133333333333333,0.012266666666666665
99,1,0.0,10.0,10.0,200.0,1.5444795210968603,0.17333333333333334,0.022399999999999996
100,1,0.0,0.0,0.0,0.0,1.596804335473315,0.25666666666666665,0.0018444444444444437
101,1,0.0,0.0,0.0,0.0,1.333074293476779,0.11000000000000001,0.0184
102,1,0.0,0.0,0.0,0.0,1.4786258764929634,0.3,0.03777777777777778
103,1,0.0,0.0,0.0,0.0,1.5614694247763998,0.18,0.02737777777777778
104,1,0.0,0.0,0.0,0.0,1.5444795210968603,0.18333333333333332,0.02333333333333333
105,1,0.0,0.0,0.0,0.0,1.5741030017371853,0.3333333333333333,0.008333333333333333
106,1,0.0,0.0,0.0,0.0,1.5134058386196787,0.09714285714285714,0.014889795918367348
107,1,0.0,10.0,10.0,200.0,1.5444795210968603,0.18,0.0496
108,1,0.0,0.0,0.0,0.0,1.5217781873607303,0.2,0.03777777777777778
109,1,0.0,0.0,0.0,0.0,1.5741030017371853,0.36666666666666664,0.03777777777777778
110,1,0.0,0.0,0.0,0.0,1.5741030017371853,0.2833333333333333,0.026666666666666665
111,1,0.0,0.0,0.0,0.0,1.5841707585125298,0.10666666666666666,0.018844444444444445
112,1,0.0,10.0,10.0,200.0,1.596804335473315,0.22999999999999998,0.0416
113,1,0.0,0.0,0.0,0.0,1.5444795210968603,0.10666666666666666,0.018844444444444445
114,1,0.0,0.0,0.0,0.0,1.4964159349401391,0.14714285714285716,0.015175510204081633
115,1,0.0,0.0,0.0,0.0,1.596804335473315,0.24666666666666667,0.018377777777777778
116,1,0.0,10.0,10.0,200.0,1.5217781873607303,0.39999999999999997,0.00666666666666667
117,1,0.0,0.0,0.0,0.0,1.4877983800016508,0.125,0.025
118,1,0.0,10.0,10.0,200.0,1.4964159349401391,0.20714285714285713,0.035918367346938776
119,1,0.0,10.0,10.0,200.0,1.5013272102290933,0.32999999999999996,0.0356
120,2,0.0,6.666666666666667,0.0,133.33333333333331,1.5217781873607303,0.13333333333333333,0.026666666666666665
121,1,0.0,10.0,10.0,200.0,1.487798380001651,0.14166666666666666,0.030277777777777775
122,1,0.0,0.0,0.0,0.0,1.5047882836811908,0.4,0.040000000000000015
123,1,0.0,0.0,0.0,0.0,1.5047882836811908,0.3,0.06000000000000001
124,1,0.0,0.0,0.0,0.0,1.4737146012040092,0.21904761904761907,0.04430839002267574
125,1,0.0,10.0,10.0,200.0,1.458174899361326,0.26666666666666666,0.05111111111111112
126,1,0.0,0.0,0.0,0.0,1.5741030017371853,0.26666666666666666,0.026111111111111113
127,1,0.0,0.0,0.0,0.0,1.4406300471115867,0.17714285714285713,0.024946938775510203
128,1,0.0,10.0,10.0,200.0,1.4737146012040092,0.12380952380952381,0.023219954648526074
129,1,0.0,0.0,0.0,0.0,1.5444795210968603,0.30666666666666664,0.036177777777777774
130,1,0.0,0.0,0.0,0.0,1.4964159349401391,0.18714285714285714,0.025804081632653065
131,1,0.0,0.0,0.0,0.0,1.5614694247763998,0.33999999999999997,0.009066666666666667
132,2,0.0,6.666666666666667,0.0,133.33333333333331,1.3535252706084164,,
133,1,0.0,0.0,0.0,0.0,1.5841707585125298,0.13,0.027600000000000003
134,1,0.0,0.0,0.0,0.0,1.496415934940139,0.41571428571428565,0.008416326530612245
135,1,0.0,0.0,0.0,0.0,1.5545472778722047,0.24000000000000005,0.038400000000000004
136,1,0.0,0.0,0.0,0.0,1.5444795210968603,0.24,0.028177777777777784
137,1,0.0,0.0,0.0,0.0,1.5444795210968603,0.22999999999999998,0.0416
138,1,0.0,0.0,0.0,0.0,1.35778649882815,,
139,1,0.0,0.0,0.0,0.0,1.5444795210968603,0.16333333333333333,0.02337777777777778
140,1,0.0,0.0,0.0,0.0,1.5671808548329902,0.32,0.0376
141,1,0.0,10.0,10.0,200.0,1.5671808548329902,0.26999999999999996,0.029599999999999998
142,1,0.0,0.0,0.0,0.0,1.4877983800016512,0.1,0.015000000000000003
143,1,0.0,0.0,0.0,0.0,1.4886936332683078,0.18666666666666668,0.02737777777777778
144,1,0.0,0.0,0.0,0.0,1.3451529218673648,,
145,1,0.0,0.0,0.0,0.0,1.596804335473315,0.25666666666666665,0.02684444444444444
146,1,0.0,0.0,0.0,0.0,1.3321790402101223,,
147,1,0.0,0.0,0.0,0.0,1.5741030017371853,0.2333333333333333,0.015000000000000003
148,1,0.0,0.0,0.0,0.0,1.5217781873607303,0.3,0.037777777777777785
149,1,0.0,10.0,10.0,200.0,1.5444795210968603,0.28,0.03137777777777778
150,1,0.0,0.0,0.0,0.0,1.5671808548329902,0.22000000000000003,0.041600000000000005
151,1,0.0,0.0,0.0,0.0,1.5841707585125298,0.22000000000000003,0.041600000000000005
152,1,0.0,10.0,10.0,200.0,1.4786258764929634,0.06666666666666667,0.006666666666666666
153,1,0.0,10.0,10.0,200.0,1.5444795210968603,0.3,0.06000000000000001
154,1,0.0,0.0,0.0,0.0,1.5444795210968603,0.24,0.02817777777777778
155,1,0.0,0.0,0.0,0.0,1.5444795210968603,0.15666666666666665,0.018177777777777775
156,1,0.0,10.0,10.0,200.0,1.5671808548329902,0.26999999999999996,0.029599999999999998
157,1,0.0,0.0,0.0,0.0,1.5614694247763998,0.16666666666666666,0.02222222222222222
158,1,0.0,0.0,0.0,0.0,1.344257668600708,0.2357142857142857,0.043673469387755105
159,1,0.0,0.0,0.0,0.0,1.5841707585125298,0.18666666666666668,0.02737777777777778
160,1,0.0,0.0,0.0,0.0,1.5614694247764,0.18,0.02737777777777778
161,1,0.0,0.0,0.0,0.0,1.4786258764929634,0.3,0.037777777777777785
162,1,0.0,0.0,0.0,0.0,1.5013272102290933,0.11666666666666665,0.02111111111111111
163,1,0.0,0.0,0.0,0.0,1.526039415580464,0.2738095238095238,0.026077097505668934
164,1,0.0,10.0,10.0,200.0,1.4737146012040092,0.35238095238095235,0.034784580498866215
165,1,0.0,0.0,0.0,0.0,1.5047882836811908,0.16666666666666666,0.03333333333333334
166,1,0.0,10.0,10.0,200.0,1.5444795210968603,0.24666666666666667,0.04337777777777778
167,1,0.0,0.0,0.0,0.0,1.5671808548329902,0.18,0.024600000000000004
168,1,0.0,0.0,0.0,0.0,1.5260394155804642,0.13571428571428573,0.030816326530612243
169,1,0.0,10.0,10.0,200.0,1.3994886078590607,0.17142857142857143,0.04408163265306122
170,1,0.0,10.0,10.0,200.0,1.5047882836811908,0.19999999999999998,0.03777777777777778
171,1,0.0,0.0,0.0,0.0,1.5841707585125298,0.24666666666666667,0.02737777777777777
172,1,0.0,0.0,0.0,0.0,1.5134058386196787,0.259047619047619,0.022073469387755097
173,1,0.0,0.0,0.0,0.0,1.5013272102290933,0.24666666666666667,0.018377777777777778
174,1,0.0,0.0,0.0,0.0,1.4737146012040092,0.319047619047619,0.02938775510204082
175,1,0.0,0.0,0.0,0.0,1.4886936332683078,0.10666666666666666,0.018844444444444445
176,1,0.0,0.0,0.0,0.0,1.5134058386196787,0.2038095238095238,0.029010430839002267
177,1,0.0,0.0,0.0,0.0,1.4737146012040094,0.21904761904761902,0.03319727891156462
178,1,0.0,0.0,0.0,0.0,1.5047882836811908,0.1833333333333333,0.023333333333333334
179,1,0.0,0.0,0.0,0.0,1.5444795210968603,0.39666666666666667,0.00937777777777778
180,1,0.0,10.0,10.0,200.0,1.4475521940157818,0.21904761904761902,0.03319727891156462
181,1,0.0,10.0,10.0,200.0,1.4263010621165086,0.3055555555555555,0.030864197530864196
182,1,0.0,10.0,10.0,200.0,1.5741030017371853,0.13333333333333333,0.026666666666666665
183,1,0.0,0.0,0.0,0.0,1.5047882836811908,0.26666666666666666,0.04
184,1,0.0,0.0,0.0,0.0,1.4964159349401391,0.10857142857142858,0.02429387755102041
185,1,0.0,0.0,0.0,0.0,1.5968043354733152,0.31666666666666665,0.03444444444444445
186,1,0.0,10.0,10.0,200.0,1.0549201679861442,,
187,1,0.0,0.0,0.0,0.0,1.487798380001651,0.3333333333333333,0.03333333333333334
188,1,0.0,0.0,0.0,0.0,1.5571130980576458,0.2333333333333333,0.05111111111111112
189,1,0.0,0.0,0.0,0.0,1.5741030017371853,0.2,0.06000000000000001
190,1,0.0,0.0,0.0,0.0,1.5444795210968603,0.44666666666666666,0.004711111111111111
191,1,0.0,0.0,0.0,0.0,1.596804335473315,0.13,0.027600000000000003
192,1,0.0,0.0,0.0,0.0,1.4305622903362423,0.2571428571428571,0.050204081632653066
193,1,0.0,0.0,0.0,0.0,1.5444795210968603,0.19999999999999998,0.03777777777777778
194,1,0.0,0.0,0.0,0.0,1.5741030017371853,0.2333333333333333,0.015000000000000003
195,1,0.0,10.0,10.0,200.0,1.5444795210968603,0.14666666666666667,0.032711111111111114
196,1,0.0,10.0,10.0,200.0,1.5671808548329902,0.22999999999999998,0.0256
197,1,0.0,0.0,0.0,0.0,1.392321254757429,0.175,0.0475
198,1,0.0,0.0,0.0,0.0,1.501327210229093,0.24,0.0254
199,1,0.0,0.0,0.0,0.0,1.3451529218673648,,
200,1,0.0,0.0,0.0,0.0,1.3747764025076898,0.26571428571428574,0.04813061224489796
201,1,0.0,0.0,0.0,0.0,1.5260394155804642,0.2357142857142857,0.043673469387755105
202,1,0.0,10.0,10.0,200.0,1.4702535277519118,0.14666666666666667,0.032711111111111114
203,1,0.0,0.0,0.0,0.0,1.596804335473315,0.13999999999999999,0.038400000000000004
204,1,0.0,0.0,0.0,0.0,1.5444795210968603,0.24666666666666667,0.04337777777777778
205,2,0.0,6.666666666666667,0.0,133.33333333333331,1.4305622903362423,0.21904761904761907,0.04430839002267574
206,1,0.0,0.0,0.0,0.0,1.56718085483299,0.22999999999999998,0.0256
207,1,0.0,0.0,0.0,0.0,1.5430293192600038,0.15238095238095237,0.03573696145124717
208,1,0.0,0.0,0.0,0.0,1.5571130980576458,0.21666666666666665,0.012777777777777777
209,1,0.0,0.0,0.0,0.0,1.4702535277519115,0.2352380952380952,0.02896689342403628
210,1,0.0,0.0,0.0,0.0,1.5217781873607303,0.26666666666666666,0.05111111111111111
211,1,0.0,0.0,0.0,0.0,1.5571130980576458,0.2833333333333333,0.01277777777777778
212,1,0.0,0.0,0.0,0.0,1.3762266043445461,,
213,1,0.0,10.0,10.0,200.0,1.5430293192600038,0.15238095238095237,0.03573696145124717
214,1,0.0,10.0,10.0,200.0,1.5444795210968603,0.3466666666666667,0.03404444444444445
215,1,0.0,0.0,0.0,0.0,1.4737146012040092,0.22857142857142856,0.02961451247165533
216,1,0.0,0.0,0.0,0.0,1.4964159349401391,0.2157142857142857,0.03470204081632653
217,1,0.0,0.0,0.0,0.0,1.5571130980576458,0.1,0.040000000000000015
218,1,0.0,0.0,0.0,0.0,1.5260394155804642,0.22857142857142856,0.026836734693877557
219,1,0.0,0.0,0.0,0.0,1.5444795210968603,0.2733333333333333,0.02773333333333334
220,1,0.0,0.0,0.0,0.0,1.5571130980576458,0.2,0.06000000000000001
221,1,0.0,0.0,0.0,0.0,1.5260394155804642,0.06666666666666667,0.017777777777777778
222,1,0.0,0.0,0.0,0.0,1.596804335473315,0.13,0.027600000000000003
223,1,0.0,0.0,0.0,0.0,1.5260394155804642,0.4023809523809524,0.009546485260770976
224,1,0.0,0.0,0.0,0.0,1.5571130980576458,0.2,0.035
225,1,0.0,0.0,0.0,0.0,1.4702535277519118,0.07857142857142857,0.010408163265306122
226,1,0.0,0.0,0.0,0.0,1.2968441295132072,,
227,1,0.0,0.0,0.0,0.0,1.5545472778722047,0.04,0.0064
228,1,0.0,10.0,10.0,200.0,1.5047882836811908,0.18333333333333332,0.034444444444444444
229,1,0.0,0.0,0.0,0.0,1.4708084763221112,0.25,0.05
230,1,0.0,10.0,10.0,200.0,1.425651015047288,0.4428571428571429,0.0069387755102040816
231,1,0.0,10.0,10.0,200.0,1.5841707585125298,0.3533333333333333,0.009600000000000001
232,1,0.0,0.0,0.0,0.0,1.501327210229093,0.11333333333333333,0.02471111111111111
233,1,0.0,0.0,0.0,0.0,1.5545472778722045,0.04,0.0064
234,1,0.0,0.0,0.0,0.0,1.5260394155804642,0.18571428571428572,0.05224489795918367
235,1,0.0,0.0,0.0,0.0,1.543029319260004,0.22380952380952382,0.03845804988662131
236,1,0.0,0.0,0.0,0.0,1.5545472778722047,0.18,0.0336
237,1,0.0,0.0,0.0,0.0,1.5217781873607303,0.16666666666666666,0.02222222222222222
238,1,0.0,10.0,10.0,200.0,1.5444795210968603,0.21333333333333332,0.04204444444444445
239,1,0.0,0.0,0.0,0.0,1.5741030017371853,0.4333333333333333,0.006666666666666668
240,1,0.0,0.0,0.0,0.0,1.4737146012040092,0.22380952380952382,0.03845804988662132
241,1,0.0,0.0,0.0,0.0,1.5741030017371853,0.16666666666666666,0.044444444444444446
242,1,0.0,0.0,0.0,0.0,1.5444795210968603,0.29,0.0364
243,1,0.0,0.0,0.0,0.0,1.5968043354733152,0.20666666666666664,0.037511111111111106
244,1,0.0,0.0,0.0,0.0,1.4786258764929634,0.25,0.016666666666666666
245,1,0.0,0.0,0.0,0.0,1.487798380001651,0.16666666666666666,0.04444444444444445
246,1,0.0,0.0,0.0,0.0,1.5134058386196787,0.1638095238095238,0.019715192743764168
247,1,0.0,0.0,0.0,0.0,1.5444795210968603,0.18,0.02737777777777778
248,1,0.0,0.0,0.0,0.0,1.5968043354733152,0.2966666666666667,0.0037111111111111116
249,1,0.0,10.0,10.0,200.0,1.5444795210968603,0.14666666666666667,0.03271111111111112
250,1,0.0,0.0,0.0,0.0,1.4786258764929634,0.3,0.037777777777777785
251,1,0.0,10.0,10.0,200.0,1.5444795210968603,0.13999999999999999,0.016177777777777774
252,1,0.0,0.0,0.0,0.0,1.3966775814761834,0.3288888888888889,0.03933827160493827
253,1,0.0,0.0,0.0,0.0,1.5444795210968603,0.16666666666666666,0.04444444444444445
254,1,0.0,0.0,0.0,0.0,1.4305622903362423,0.18571428571428572,0.052244897959183675
255,1,0.0,10.0,10.0,200.0,1.5444795210968603,0.29,0.0364
256,1,0.0,0.0,0.0,0.0,1.5968043354733152,0.29,0.0364
257,1,0.0,0.0,0.0,0.0,1.5614694247763998,0.18,0.0496
258,1,0.0,10.0,10.0,200.0,1.4708084763221114,0.175,0.0475
259,1,0.0,0.0,0.0,0.0,1.5444795210968603,0.21333333333333332,0.030933333333333334
260,1,0.0,10.0,10.0,200.0,1.5260394155804642,0.11666666666666665,0.021111111111111115
261,1,0.0,10.0,10.0,200.0,1.5444795210968603,0.29666666666666663,0.02871111111111111
262,1,0.0,0.0,0.0,0.0,1.543029319260004,0.24047619047619045,0.015442176870748298
263,1,0.0,0.0,0.0,0.0,1.5545472778722047,0.26,0.030400000000000003
264,1,0.0,0.0,0.0,0.0,1.4964159349401391,0.3157142857142857,0.03155918367346939
265,1,0.0,0.0,0.0,0.0,1.5444795210968603,0.24,0.0504
266,1,0.0,10.0,10.0,200.0,1.4786258764929634,0.2,0.037777777777777785
267,1,0.0,0.0,0.0,0.0,1.5047882836811908,0.25,0.05
268,1,0.0,0.0,0.0,0.0,1.4406300471115867,0.31714285714285717,0.029746938775510202
269,1,0.0,0.0,0.0,0.0,1.5444795210968603,0.2733333333333333,0.027733333333333332
270,1,0.0,0.0,0.0,0.0,1.5444795210968603,0.21666666666666665,0.03777777777777777
271,1,0.0,0.0,0.0,0.0,1.5671808548329902,0.30999999999999994,0.0304
272,1,0.0,0.0,0.0,0.0,1.5614694247763998,0.1,0.04000000000000001
273,1,0.0,0.0,0.0,0.0,1.5571130980576458,0.4666666666666666,0.004444444444444446
274,1,0.0,0.0,0.0,0.0,1.5741030017371853,0.26666666666666666,0.05111111111111112
275,1,0.0,0.0,0.0,0.0,1.5148560404565352,0.32,0.0376
276,1,0.0032548904418945317,0.0,0.0,0.0,1.333074293476779,0.08,0.0256
277,2,0.0,6.666666666666667,0.0,133.33333333333331,1.5841707585125298,0.23666666666666666,0.018711111111111112
278,1,0.0,0.0,0.0,0.0,1.5968043354733152,0.26666666666666666,0.05111111111111112
279,1,0.0,10.0,10.0,200.0,1.5444795210968603,0.22999999999999998,0.01937777777777778
280,1,0.0,0.0,0.0,0.0,1.5444795210968603,0.32999999999999996,0.0356
281,1,0.0,0.0,0.0,0.0,1.5741030017371853,0.2333333333333333,0.04000000000000001
282,1,0.0,10.0,10.0,200.0,1.56718085483299,0.13,0.027600000000000003
283,1,0.0,0.0,0.0,0.0,1.5671808548329902,0.24,0.025399999999999995
284,1,0.0,0.0,0.0,0.0,1.5545472778722047,0.26666666666666666,0.023111111111111114
285,1,0.0,0.0,0.0,0.0,1.5444795210968603,0.2,0.06000000000000001
286,1,0.0,0.0,0.0,0.0,1.5134058386196787,0.23047619047619045,0.015651700680272107
287,1,0.0,0.0,0.0,0.0,1.3762266043445461,,
288,1,0.0,10.0,10.0,200.0,1.596804335473315,0.20666666666666664,0.012511111111111112
289,1,0.0,0.0,0.0,0.0,1.5047882836811908,0.45,0.010000000000000004
290,1,0.0,0.0,0.0,0.0,1.4964159349401391,0.18714285714285714,0.025804081632653065
291,1,0.0,0.0,0.0,0.0,1.487798380001651,0.125,0.0375
292,1,0.0,0.0,0.0,0.0,1.4702535277519118,0.05714285714285714,0.013061224489795917
293,1,0.0,0.0,0.0,0.0,1.5134058386196787,0.3704761904761905,0.005518367346938777
294,1,0.0,0.0,0.0,0.0,1.3831487512487415,0.16666666666666666,0.04444444444444445
295,1,0.0,0.0,0.0,0.0,1.5444795210968603,0.29,0.0364
296,1,0.0,0.0,0.0,0.0,1.487798380001651,0.2333333333333333,0.014999999999999996
297,1,0.0,0.0,0.0,0.0,1.5047882836811908,0.26666666666666666,0.04
298,1,0.0,10.0,10.0,200.0,1.5444795210968603,0.13,0.027600000000000003
299,1,0.0,0.0,0.0,0.0,1.5545472778722047,0.22666666666666666,0.018844444444444445
300,1,0.0,0.0,0.0,0.0,1.596804335473315,0.25666666666666665,0.02684444444444444
301,1,0.0,0.0,0.0,0.0,1.56718085483299,0.09,0.0124
302,1,0.0,0.0,0.0,0.0,1.5841707585125298,0.23666666666666666,0.018711111111111116
303,1,0.0,0.0,0.0,0.0,1.5444795210968603,0.13999999999999999,0.038400000000000004
304,1,0.0,0.0,0.0,0.0,1.4432909657960482,0.13333333333333333,0.026666666666666665
305,1,0.0,0.0,0.0,0.0,1.4263010621165084,0.14444444444444443,0.039012345679012336
306,1,0.0,10.0,10.0,200.0,1.4702535277519115,0.13571428571428573,0.030816326530612236
307,1,0.0,0.0,0.0,0.0,1.487798380001651,0.19166666666666665,0.03861111111111111
308,1,0.0,0.0,0.0,0.0,1.5444795210968603,0.14666666666666667,0.032711111111111114
309,1,0.0,0.0,0.0,0.0,1.5047882836811908,0.2,0.06000000000000001
310,1,0.0,0.0,0.0,0.0,1.5217781873607303,0.3333333333333333,0.03333333333333334
311,1,0.0,0.0,0.0,0.0,1.5013272102290933,0.22333333333333333,0.02617777777777778
312,1,0.0,10.0,10.0,200.0,1.56718085483299,0.13999999999999999,0.038400000000000004
313,1,0.0,10.0,10.0,200.0,1.4475521940157818,0.11904761904761904,0.028117913832199547
314,1,0.0,0.0,0.0,0.0,1.5260394155804642,0.3238095238095238,0.03369614512471655
315,1,0.0,0.0,0.0,0.0,1.4786258764929634,0.2333333333333333,0.04000000000000001
316,1,0.0,0.0,0.0,0.0,1.596804335473315,0.19,0.0094
317,1,0.0,0.0,0.0,0.0,1.5047882836811908,0.16666666666666666,0.044444444444444446
318,1,0.0,0.0,0.0,0.0,1.444646069133884,0.175,0.0225
319,1,0.0,10.0,10.0,200.0,1.35778649882815,,
320,1,0.0,0.0,0.0,0.0,1.5444795210968603,0.13999999999999999,0.016177777777777777
321,1,0.0,0.0,0.0,0.0,1.5671808548329902,0.22999999999999998,0.0416
322,1,0.0,0.0,0.0,0.0,1.5841707585125298,0.39333333333333337,0.003733333333333334
323,1,0.0,0.0,0.0,0.0,1.5013272102290933,0.04,0.0064
324,1,0.0,10.0,10.0,200.0,1.56718085483299,0.26999999999999996,0.029599999999999998
325,1,0.0,10.0,10.0,200.0,1.5047882836811908,0.3333333333333333,0.03333333333333334
326,1,0.0,0.0,0.0,0.0,1.313834033192747,,
327,1,0.0,0.0,0.0,0.0,1.5671808548329902,0.27,0.029599999999999998
328,1,0.0,0.0,0.0,0.0,1.5047882836811908,0.38333333333333336,0.021111111111111112
329,1,0.0,0.0,0.0,0.0,1.5430293192600038,0.1619047619047619,0.022312925170068026
330,1,0.0,0.0,0.0,0.0,1.5614694247763998,0.1,0.040000000000000015
331,1,0.0,10.0,10.0,200.0,1.5260394155804642,0.1738095238095238,0.020839002267573698
332,3,0.0,5.0,0.0,100.0,1.5444795210968603,0.06666666666666667,0.017777777777777778
333,1,0.0,10.0,10.0,200.0,1.5260394155804642,0.17857142857142855,0.03469387755102041
334,1,0.0,0.0,0.0,0.0,1.5134058386196787,0.2752380952380952,0.032547845804988665
335,1,0.0,10.0,10.0,200.0,1.5968043354733152,0.18,0.024600000000000004
336,1,0.0,0.0,0.0,0.0,1.501327210229093,0.22333333333333333,0.02617777777777778
337,3,0.0,5.0,0.0,100.0,1.5968043354733152,0.08,0.0256
338,1,0.0,0.0,0.0,0.0,1.5444795210968603,0.13999999999999999,0.016177777777777777
339,1,0.0,10.0,10.0,200.0,1.5968043354733152,0.29,0.0364
340,1,0.0,0.0,0.0,0.0,1.5444795210968603,0.3,0.037777777777777785
341,1,0.0,10.0,10.0,200.0,1.5217781873607306,0.03333333333333333,0.0044444444444444444
342,1,0.0,0.0,0.0,0.0,1.5671808548329902,0.17,0.023600000000000003
343,1,0.0,10.0,10.0,200.0,1.5260394155804642,0.17857142857142855,0.03469387755102041
344,1,0.0,10.0,10.0,200.0,1.56718085483299,0.13999999999999999,0.038400000000000004
345,1,0.0,10.0,10.0,200.0,1.5260394155804642,0.15238095238095237,0.03573696145124717
346,1,0.0,0.0,0.0,0.0,1.5444795210968603,0.22999999999999998,0.041600000000000005
347,1,0.0,0.0,0.0,0.0,1.5968043354733152,0.2,0.035
348,1,0.0,0.0,0.0,0.0,1.5047882836811908,0.1,0.01777777777777778
349,1,0.0,0.0,0.0,0.0,1.5741030017371853,0.2,0.026666666666666665
350,1,0.0,10.0,10.0,200.0,1.5444795210968603,0.15666666666666668,0.01817777777777778
351,1,0.0,0.0,0.0,0.0,1.5671808548329902,0.31999999999999995,0.0376
352,1,0.0,0.0,0.0,0.0,1.4305622903362423,0.09523809523809523,0.017233560090702947
353,1,0.0,0.0,0.0,0.0,1.5741030017371853,0.1833333333333333,0.023333333333333334
354,1,0.0,0.0,0.0,0.0,1.5217781873607303,0.2,0.037777777777777785
355,1,0.0,0.0,0.0,0.0,1.5217781873607306,0.23333333333333334,0.05111111111111112
356,1,0.0,0.0,0.0,0.0,1.5671808548329902,0.22000000000000003,0.041600000000000005
357,2,0.005208015441894531,6.666666666666667,0.0,133.33333333333331,1.5968043354733152,0.30666666666666664,0.011177777777777778
358,2,0.0,6.666666666666667,0.0,133.33333333333331,1.5444795210968603,0.27999999999999997,0.0536
359,1,0.0,0.0,0.0,0.0,1.5260394155804642,0.4523809523809524,0.004308390022675737
360,1,0.0,0.0,0.0,0.0,1.4886936332683078,0.0,0.0
361,1,0.0,0.0,0.0,0.0,1.5741030017371853,0.3833333333333333,0.01
362,1,0.0,0.0,0.0,0.0,1.5841707585125298,0.21000000000000002,0.032400000000000005
363,1,0.0,0.0,0.0,0.0,1.5741030017371853,0.21666666666666665,0.03777777777777777
364,1,0.0,10.0,10.0,200.0,1.5545472778722047,0.2,0.03200000000000001
365,1,0.0,0.0,0.0,0.0,1.366158847569202,,
366,1,0.0,0.0,0.0,0.0,1.4877983800016508,0.2833333333333333,0.026666666666666665
367,1,0.0,0.0,0.0,0.0,1.5571130980576458,0.21666666666666665,0.03777777777777777
368,1,0.0,0.0,0.0,0.0,1.5545472778722047,0.18,0.0336
369,1,0.0,0.0,0.0,0.0,1.5841707585125298,0.3933333333333333,0.003733333333333334
370,1,0.0,0.0,0.0,0.0,1.5968043354733152,0.22999999999999998,0.016599999999999997
371,1,0.0,0.0,0.0,0.0,1.5741030017371853,0.3333333333333333,0.03333333333333334
372,1,0.0,0.0,0.0,0.0,1.5841707585125298,0.19666666666666668,0.028044444444444445
373,1,0.0,0.0,0.0,0.0,1.4305622903362423,0.2357142857142857,0.043673469387755105
374,1,0.0,0.0,0.0,0.0,1.5047882836811908,0.3833333333333333,0.01
375,1,0.0,0.0,0.0,0.0,1.5444795210968603,0.11333333333333333,0.024711111111111107
376,1,0.0,0.0,0.0,0.0,1.224068338005115,,
377,1,0.0,0.0,0.0,0.0,1.5571130980576458,0.4,0.040000000000000015
378,1,0.0,0.0,0.0,0.0,1.5841707585125298,0.21333333333333332,0.014933333333333331
379,1,0.0,0.0,0.0,0.0,1.6094379124341005,0.35,0.04
380,1,0.0,0.0,0.0,0.0,1.4737146012040092,0.2523809523809524,0.045260770975056694
381,1,0.0,0.0,0.0,0.0,1.4432909657960482,0.08888888888888888,0.03160493827160493
382,1,0.0,0.0,0.0,0.0,1.5444795210968603,0.24,0.0504
383,1,0.0,0.0,0.0,0.0,1.4737146012040092,0.2523809523809524,0.045260770975056694
384,1,0.0,0.0,0.0,0.0,1.4737146012040094,0.18571428571428572,0.052244897959183675
385,1,0.0,0.0,0.0,0.0,1.5013272102290933,0.26666666666666666,0.05111111111111112
386,1,0.0,0.0,0.0,0.0,1.4964159349401391,0.10714285714285714,0.0173469387755102
387,1,0.0,0.0,0.0,0.0,1.444646069133884,0.2,0.035
388,1,0.0,10.0,10.0,200.0,1.526039415580464,0.17857142857142855,0.03469387755102041
389,1,0.0,0.0,0.0,0.0,1.5571130980576458,0.26666666666666666,0.026111111111111113
390,1,0.0,0.0,0.0,0.0,1.5571130980576458,0.13333333333333333,0.037777777777777785
391,1,0.0,0.0,0.0,0.0,1.4001386549282813,0.20555555555555555,0.03197530864197531
392,1,0.0,0.0,0.0,0.0,1.4886936332683078,0.15333333333333335,0.022044444444444446
393,1,0.0,0.0,0.0,0.0,1.5260394155804642,0.2857142857142857,0.03010204081632653
394,1,0.0,0.0,0.0,0.0,1.5013272102290933,0.32999999999999996,0.0356
395,1,0.0,0.0,0.0,0.0,1.5260394155804642,0.2571428571428571,0.050204081632653066
396,1,0.0,0.0,0.0,0.0,1.5444795210968603,0.18,0.02737777777777778
397,1,0.0,10.0,10.0,200.0,1.5444795210968603,0.3466666666666667,0.03404444444444445
398,1,0.0,0.0,0.0,0.0,1.5444795210968603,0.30666666666666664,0.036177777777777774
399,1,0.0,0.0,0.0,0.0,1.5968043354733152,0.29,0.0364
400,1,0.0,10.0,10.0,200.0,1.487798380001651,0.2833333333333333,0.026666666666666665
401,1,0.0,0.0,0.0,0.0,1.5841707585125298,0.16666666666666666,0.04444444444444445
402,1,0.0,0.0,0.0,0.0,1.5444795210968603,0.24,0.0504
403,1,0.0,0.0,0.0,0.0,1.4964159349401391,0.3757142857142857,0.016073469387755102
404,1,0.0,10.0,10.0,200.0,1.5217781873607303,0.36666666666666664,0.03777777777777778
405,1,0.0,0.0,0.0,0.0,1.513405838619679,0.1657142857142857,0.0412734693877551
406,1,0.0,0.0,0.0,0.0,1.5444795210968603,0.13999999999999999,0.038400000000000004
407,1,0.0,0.0,0.0,0.0,1.5741030017371853,0.29999999999999993,0.001666666666666666
408,1,0.0,0.0,0.0,0.0,1.5741030017371853,0.31666666666666665,0.034444444444444444
409,1,0.0,0.0,0.0,0.0,1.5047882836811908,0.3,0.06000000000000001
410,1,0.0,10.0,10.0,200.0,1.4737146012040092,0.09047619047619046,0.013696145124716553
411,1,0.0,0.0,0.0,0.0,1.5260394155804642,0.20238095238095238,0.03049886621315192
412,1,0.0,0.0,0.0,0.0,1.458174899361326,0.19,0.0344
413,1,0.0,0.0,0.0,0.0,1.5260394155804642,0.4023809523809524,0.009546485260770975
414,1,0.0,0.0,0.0,0.0,1.5047882836811908,0.2333333333333333,0.05111111111111111
415,1,0.0,0.0,0.0,0.0,1.4786258764929634,0.29999999999999993,0.026666666666666665
416,1,0.0,0.0,0.0,0.0,1.4708084763221114,0.325,0.034999999999999996
417,1,0.0,0.0,0.0,0.0,1.5741030017371853,0.16666666666666666,0.04444444444444445
418,1,0.0,0.0,0.0,0.0,1.5444795210968603,0.15666666666666668,0.01817777777777778
419,1,0.0,0.0,0.0,0.0,1.4886936332683078,0.2866666666666667,0.030044444444444447
420,1,0.0,0.0,0.0,0.0,1.56718085483299,0.19,0.0344
421,1,0.0,0.0,0.0,0.0,1.4490023958526383,0.18,0.02737777777777778
422,1,0.0,0.0,0.0,0.0,1.5260394155804642,0.2952380952380952,0.03913832199546485
423,1,0.0,0.0,0.0,0.0,1.487798380001651,0.16666666666666666,0.04444444444444445
424,1,0.0,0.0,0.0,0.0,1.5968043354733152,0.27999999999999997,0.028600000000000004
425,1,0.0,0.0,0.0,0.0,1.5968043354733152,0.32999999999999996,0.0356
426,1,0.0,0.0,0.0,0.0,1.5571130980576458,0.3,0.035
427,1,0.0,0.0,0.0,0.0,1.4475521940157818,0.2857142857142857,0.021768707482993192
428,1,0.0,0.0,0.0,0.0,1.5047882836811908,0.16666666666666666,0.03333333333333334
429,1,0.0,0.0,0.0,0.0,1.5444795210968603,0.24666666666666667,0.04337777777777778
430,1,0.0,10.0,10.0,200.0,1.5113949670044378,0.3,0.03200000000000001
431,1,0.0,0.0,0.0,0.0,1.4702535277519118,0.18714285714285714,0.025804081632653065
432,1,0.0,10.0,10.0,200.0,1.5444795210968603,0.2633333333333333,0.030711111111111113
433,1,0.0,0.0,0.0,0.0,1.5841707585125298,0.15666666666666668,0.01817777777777778
434,1,0.0,0.0,0.0,0.0,1.4406300471115867,0.15714285714285714,0.04163265306122449
435,1,0.0,0.0,0.0,0.0,1.224068338005115,,
436,1,0.0,0.0,0.0,0.0,1.5841707585125298,0.15666666666666668,0.01817777777777778
437,1,0.0,0.0,0.0,0.0,1.5444795210968603,0.2966666666666667,0.02871111111111111
438,1,0.0,0.0,0.0,0.0,1.5013272102290933,0.19666666666666668,0.028044444444444445
439,1,0.0,0.0,0.0,0.0,1.392321254757429,0.05833333333333333,0.005277777777777777
440,1,0.0,0.0,0.0,0.0,1.5841707585125298,0.24666666666666665,0.02737777777777778
441,1,0.0,0.0,0.0,0.0,1.4263010621165084,0.09444444444444444,0.013456790123456788
442,1,0.0,10.0,10.0,200.0,1.596804335473315,0.18,0.0496
443,1,0.0,0.0,0.0,0.0,1.5148560404565352,0.18,0.0496
444,1,0.0,0.0,0.0,0.0,1.4737146012040094,0.1857142857142857,0.030022675736961452
445,1,0.0,0.0,0.0,0.0,1.5430293192600038,0.1833333333333333,0.023333333333333327
446,1,0.0,0.0,0.0,0.0,1.4737146012040092,0.0,0.0
447,1,0.0,0.0,0.0,0.0,1.4432909657960482,0.22222222222222224,0.0345679012345679
448,1,0.0,10.0,10.0,200.0,1.5444795210968603,0.19666666666666666,0.028044444444444448
449,1,0.0,0.0,0.0,0.0,1.224068338005115,,
450,1,0.0,0.0,0.0,0.0,1.5134058386196787,0.299047619047619,0.023749659863945578
451,1,0.0,10.0,10.0,200.0,1.5571130980576458,0.15,0.015000000000000003
452,1,0.0,0.0,0.0,0.0,1.4305622903362423,0.11190476190476191,0.00961451247165533
453,1,0.0,10.0,10.0,200.0,1.4702535277519118,0.05714285714285714,0.013061224489795917
454,1,0.0,10.0,10.0,200.0,1.5444795210968603,0.24666666666666667,0.04337777777777778
455,1,0.0,0.0,0.0,0.0,1.5047882836811908,0.4666666666666666,0.004444444444444446
456,1,0.0,0.0,0.0,0.0,1.4150225884935588,0.255,0.0451
457,1,0.0,0.0,0.0,0.0,1.5134058386196787,0.19238095238095237,0.029946485260770973
458,1,0.0,0.0,0.0,0.0,1.5260394155804642,0.2857142857142857,0.055102040816326525
459,1,0.0,0.0,0.0,0.0,1.5444795210968603,0.19,0.012177777777777777
460,1,0.0,0.0,0.0,0.0,1.4886936332683078,0.18,0.0336
461,1,0.0,0.0,0.0,0.0,1.5260394155804642,0.32857142857142857,0.046122448979591835
462,1,0.0,0.0,0.0,0.0,1.3966775814761834,0.1688888888888889,0.042982716049382724
463,1,0.0,0.0,0.0,0.0,1.5113949670044375,0.22000000000000003,0.0256
464,1,0.0,0.0,0.0,0.0,1.5571130980576458,0.25,0.05
465,1,0.0,0.0,0.0,0.0,1.4737146012040094,0.18571428571428572,0.052244897959183675
466,1,0.0,0.0,0.0,0.0,1.5545472778722047,0.12000000000000002,0.009600000000000001
467,1,0.0,10.0,10.0,200.0,1.5545472778722045,0.12000000000000002,0.025600000000000005
468,1,0.0,0.0,0.0,0.0,1.5444795210968603,0.12333333333333334,0.010844444444444445
469,1,0.0,0.0,0.0,0.0,1.5741030017371853,0.16666666666666666,0.019444444444444445
470,1,0.0,0.0,0.0,0.0,1.5741030017371853,0.13333333333333333,0.026666666666666665
471,1,0.0,0.0,0.0,0.0,1.5217781873607306,0.3666666666666666,0.004444444444444446
472,1,0.0,10.0,10.0,200.0,1.2798542258336676,,
473,1,0.0,0.0,0.0,0.0,1.5671808548329902,0.22000000000000003,0.041600000000000005
474,1,0.0,0.0,0.0,0.0,1.5047882836811908,0.16666666666666666,0.03333333333333334
475,1,0.0,0.0,0.0,0.0,1.4446460691338838,0.31666666666666665,0.034444444444444444
476,1,0.0,0.0,0.0,0.0,1.400138654928281,0.11111111111111112,0.019753086419753086
477,1,0.0,0.0,0.0,0.0,1.5148560404565352,0.3533333333333333,0.02071111111111111
478,1,0.0,0.0,0.0,0.0,1.5571130980576458,0.31666666666666665,0.034444444444444444
479,1,0.0,0.0,0.0,0.0,1.5841707585125298,0.17,0.023600000000000003
480,1,0.0,0.0,0.0,0.0,1.5148560404565352,0.22666666666666666,0.03484444444444444
481,1,0.0,0.0,0.0,0.0,1.5671808548329902,0.13999999999999999,0.038400000000000004
482,1,0.0,10.0,10.0,200.0,1.5968043354733152,0.15,0.039999999999999994
483,1,0.0,0.0,0.0,0.0,1.5968043354733152,0.25666666666666665,0.02684444444444444
484,1,0.0,0.0,0.0,0.0,1.4877983800016508,0.125,0.0375
485,1,0.0,0.0,0.0,0.0,1.5741030017371853,0.16666666666666666,0.04444444444444445
486,1,0.0,0.0,0.0,0.0,1.5968043354733152,0.24,0.0504
487,1,0.0,0.0,0.0,0.0,1.5741030017371853,0.13333333333333333,0.01277777777777778
488,1,0.0,0.0,0.0,0.0,1.5444795210968603,0.25666666666666665,0.02684444444444444
489,1,0.0,0.0,0.0,0.0,1.5134058386196787,0.19523809523809524,0.038185941043083906
490,1,0.0,0.0,0.0,0.0,1.5841707585125298,0.30333333333333334,0.004933333333333333
491,1,0.0,0.0,0.0,0.0,1.5671808548329902,0.18,0.0086
492,1,0.0,0.0,0.0,0.0,1.5217781873607303,0.3,0.015555555555555555
493,1,0.0,10.0,10.0,200.0,1.4475521940157818,0.11904761904761904,0.028117913832199547
494,1,0.0,0.0,0.0,0.0,1.5571130980576458,0.35,0.04
495,1,0.0,0.0,0.0,0.0,1.5444795210968603,0.22333333333333333,0.026177777777777772
496,1,0.0,0.0,0.0,0.0,1.5013272102290933,0.13333333333333333,0.037777777777777785
497,1,0.0,0.0,0.0,0.0,1.4964159349401391,0.3157142857142857,0.03155918367346938
498,1,0.0,0.0,0.0,0.0,1.4150225884935588,0.24,0.0504
499,1,0.0,0.0,0.0,0.0,1.4150225884935588,0.24,0.0504
500,1,0.0,0.0,0.0,0.0,1.5444795210968603,0.22333333333333333,0.015066666666666664
501,1,0.0,0.0,0.0,0.0,1.392321254757429,0.2,0.06000000000000001
502,1,0.0,10.0,10.0,200.0,1.5741030017371853,0.16666666666666666,0.019444444444444445
503,1,0.0,0.0,0.0,0.0,1.5741030017371853,0.26666666666666666,0.05111111111111111
504,1,0.0,0.0,0.0,0.0,1.5444795210968603,0.14666666666666667,0.032711111111111114
505,1,0.0,0.0,0.0,0.0,1.5444795210968603,0.19,0.012177777777777777
506,1,0.0,0.0,0.0,0.0,1.56718085483299,0.18,0.0336
507,1,0.0,0.0,0.0,0.0,1.5571130980576458,0.21666666666666665,0.03777777777777778
508,1,0.0,0.0,0.0,0.0,1.4490023958526383,0.23333333333333334,0.05111111111111111
509,1,0.0,0.0,0.0,0.0,1.5741030017371853,0.25,0.05
510,1,0.0,0.0,0.0,0.0,1.482887104712697,0.17857142857142855,0.00969387755102041
511,1,0.0,0.0,0.0,0.0,1.4702535277519118,0.19238095238095237,0.029946485260770966
512,1,0.0,0.0,0.0,0.0,1.5968043354733152,0.22999999999999998,0.0166
513,1,0.0,0.0,0.0,0.0,1.5671808548329902,0.22000000000000003,0.0166
514,1,0.0,0.0,0.0,0.0,1.5444795210968603,0.29,0.014177777777777779
515,1,0.0,0.0,0.0,0.0,1.5444795210968603,0.3466666666666667,0.03404444444444445
516,1,0.0,0.0,0.0,0.0,1.5148560404565352,0.24,0.0504
517,1,0.0,0.0,0.0,0.0,1.444646069133884,0.15,0.015000000000000003
518,1,0.0,0.0,0.0,0.0,1.4708084763221112,0.1,0.015000000000000003
519,1,0.0,0.0,0.0,0.0,1.5148560404565352,0.36,0.0344
520,2,0.0,6.666666666666667,0.0,133.33333333333331,1.5444795210968603,0.22999999999999998,0.01937777777777778
521,1,0.0,0.0,0.0,0.0,1.5047882836811908,0.18333333333333332,0.03444444444444444
522,1,0.0,10.0,10.0,200.0,1.5444795210968603,0.2333333333333333,0.04
523,1,0.0,0.0,0.0,0.0,1.5545472778722047,0.22666666666666666,0.018844444444444445
524,1,0.0,0.0,0.0,0.0,1.5614694247764,0.24666666666666667,0.04337777777777778
525,1,0.0,10.0,10.0,200.0,1.5444795210968603,0.15666666666666668,0.01817777777777778
526,1,0.0,0.0,0.0,0.0,1.5134058386196787,0.2657142857142857,0.04813061224489795
527,1,0.0,0.0,0.0,0.0,1.5545472778722047,0.12000000000000002,0.025600000000000005
528,1,0.0,0.0,0.0,0.0,1.5741030017371853,0.2,0.06000000000000001
529,1,0.0,0.0,0.0,0.0,1.596804335473315,0.24,0.0504
530,2,0.0,6.666666666666667,0.0,133.33333333333331,1.458174899361326,0.13,0.027600000000000003
531,1,0.0,0.0,0.0,0.0,1.5134058386196787,0.17523809523809525,0.02759546485260771
532,1,0.0,0.0,0.0,0.0,1.5841707585125295,0.2866666666666667,0.03004444444444444
533,2,0.0,6.666666666666667,0.0,133.33333333333331,1.4490023958526383,0.13333333333333333,0.037777777777777785
534,1,0.0,0.0,0.0,0.0,1.5571130980576458,0.45,0.010000000000000004
535,1,0.0,10.0,10.0,200.0,1.5444795210968603,0.38,0.0376
536,1,0.0,10.0,10.0,200.0,1.5571130980576458,0.2333333333333333,0.026111111111111113
537,1,0.0,0.0,0.0,0.0,1.5741030017371853,0.39999999999999997,0.006666666666666668
538,1,0.0,0.0,0.0,0.0,1.5444795210968603,0.24666666666666667,0.04337777777777778
539,1,0.0,10.0,10.0,200.0,1.5013272102290933,0.13999999999999999,0.038400000000000004
540,1,0.0,0.0,0.0,0.0,1.5571130980576455,0.2,0.035
541,1,0.0,0.0,0.0,0.0,1.5671808548329902,0.27999999999999997,0.037599999999999995
542,1,0.0,0.0,0.0,0.0,1.3762266043445461,0.16666666666666666,0.044444444444444446
543,1,0.0,0.0,0.0,0.0,1.5741030017371853,0.26666666666666666,0.026111111111111106
544,1,0.0,0.0,0.0,0.0,1.5968043354733152,0.24,0.0254
545,1,0.0,10.0,10.0,200.0,1.5444795210968603,0.24,0.0504
546,1,0.0,0.0,0.0,0.0,1.501327210229093,0.33999999999999997,0.04240000000000001
547,1,0.0,0.0,0.0,0.0,1.5741030017371853,0.31666666666666665,0.034444444444444444
548,1,0.0,10.0,10.0,200.0,1.5444795210968603,0.14666666666666667,0.03271111111111112
549,1,0.0,0.0,0.0,0.0,1.5968043354733152,0.09,0.0124
550,1,0.0,0.0,0.0,0.0,1.5260394155804642,0.3071428571428571,0.03448979591836736
551,1,0.0,0.0,0.0,0.0,1.4406300471115867,0.13714285714285715,0.02951836734693878
552,1,0.0,10.0,10.0,200.0,1.5571130980576455,0.21666666666666665,0.037777777777777764
553,1,0.0,0.0,0.0,0.0,1.5013272102290933,0.16666666666666666,0.04444444444444445
554,1,0.0,0.0,0.0,0.0,1.5444795210968603,0.32333333333333336,0.0104
555,1,0.0,0.0,0.0,0.0,1.5217781873607303,0.13333333333333333,0.037777777777777785
556,1,0.0,0.0,0.0,0.0,1.5260394155804642,0.2571428571428571,0.025204081632653065
557,1,0.0,0.0,0.0,0.0,1.5741030017371853,0.3833333333333333,0.01
558,1,0.0,0.0,0.0,0.0,1.596804335473315,0.30666666666666664,0.036177777777777774
559,1,0.0,0.0,0.0,0.0,1.5217781873607303,0.2333333333333333,0.017777777777777774
560,1,0.0,10.0,10.0,200.0,1.5444795210968603,0.18,0.0496
561,1,0.0,10.0,10.0,200.0,1.5260394155804642,0.2857142857142857,0.030102040816326524
562,1,0.0,10.0,10.0,200.0,1.5444795210968603,0.25666666666666665,0.02684444444444444
563,1,0.0,0.0,0.0,0.0,1.5444795210968603,0.30666666666666664,0.036177777777777774
564,1,0.0,10.0,10.0,200.0,1.5671808548329902,0.18,0.0336
565,1,0.0,0.0,0.0,0.0,1.5545472778722047,0.24000000000000005,0.038400000000000004
566,1,0.0,0.0,0.0,0.0,1.3831487512487415,0.18888888888888888,0.05382716049382715
567,1,0.0,0.0,0.0,0.0,1.596804335473315,0.3,0.06000000000000001
568,1,0.0,0.0,0.0,0.0,1.5671808548329902,0.22999999999999998,0.0256
569,1,0.0,10.0,10.0,200.0,1.4737146012040092,0.06190476190476191,0.0058049886621315185
570,1,0.0,0.0,0.0,0.0,1.5571130980576455,0.4666666666666667,0.004444444444444445
571,1,0.0,0.0,0.0,0.0,1.4406300471115867,0.09714285714285714,0.014889795918367348
572,1,0.0,10.0,10.0,200.0,1.3994886078590607,0.12380952380952381,0.015056689342403626
573,1,0.0,10.0,10.0,200.0,1.5671808548329902,0.12000000000000002,0.025600000000000005
574,1,0.0,10.0,10.0,200.0,1.4490023958526383,0.24,0.02817777777777778
575,1,0.0,0.0,0.0,0.0,1.4702535277519118,0.17523809523809525,0.02759546485260771
576,1,0.0,0.0,0.0,0.0,1.5430293192600038,0.18571428571428572,0.05224489795918367
577,1,0.0,0.0,0.0,0.0,1.4475521940157818,0.1952380952380952,0.015963718820861676
578,1,0.0,10.0,10.0,200.0,1.596804335473315,0.22999999999999998,0.0416
579,1,0.0,0.0,0.0,0.0,1.444646069133884,0.225,0.052500000000000005
580,1,0.0,10.0,10.0,200.0,1.5430293192600038,0.07857142857142857,0.01040816326530612
581,1,0.0,0.0,0.0,0.0,1.4702535277519115,0.1638095238095238,0.019715192743764168
582,1,0.0,0.0,0.0,0.0,1.4490023958526383,0.24,0.0504
583,1,0.0,10.0,10.0,200.0,1.5217781873607303,0.2,0.06000000000000001
584,1,0.0,0.0,0.0,0.0,1.5741030017371853,0.13333333333333333,0.037777777777777785
585,1,0.0,0.0,0.0,0.0,1.596804335473315,0.30666666666666664,0.011177777777777778
586,2,0.0,6.666666666666667,0.0,133.33333333333331,1.5571130980576458,0.2333333333333333,0.026111111111111113
587,1,0.0,0.0,0.0,0.0,1.487798380001651,0.26666666666666666,0.05111111111111112
588,1,0.0,0.0,0.0,0.0,1.3592367006650063,0.22000000000000003,0.053599999999999995
589,1,0.0,0.0,0.0,0.0,1.4490023958526383,0.17333333333333334,0.033511111111111117
590,1,0.0,0.0,0.0,0.0,1.4877983800016508,0.125,0.025
591,1,0.0,0.0,0.0,0.0,1.5134058386196787,0.02857142857142857,0.0032653061224489793
592,1,0.0,10.0,10.0,200.0,1.5013272102290933,0.18,0.0496
593,1,0.0,0.0,0.0,0.0,1.5671808548329902,0.22000000000000003,0.041600000000000005
594,1,0.0,0.0,0.0,0.0,1.5444795210968603,0.24,0.02817777777777778
595,1,0.0,0.0,0.0,0.0,1.5444795210968603,0.24666666666666667,0.04337777777777778
596,1,0.0,0.0,0.0,0.0,1.596804335473315,0.29666666666666663,0.003711111111111112
597,1,0.0,0.0,0.0,0.0,1.4964159349401391,0.15,0.039999999999999994
598,1,0.0,0.0,0.0,0.0,1.5968043354733152,0.27999999999999997,0.028600000000000004
599,1,0.0,10.0,10.0,200.0,1.2968441295132072,,
600,1,0.0,0.0,0.0,0.0,1.5148560404565352,0.18,0.033600000000000005
601,1,0.0,10.0,10.0,200.0,1.4877983800016508,0.21666666666666665,0.03777777777777777
602,1,0.0,0.0,0.0,0.0,1.56718085483299,0.18,0.0086
603,1,0.0,0.0,0.0,0.0,1.5013272102290933,0.33999999999999997,0.04240000000000001
604,1,0.0,0.0,0.0,0.0,1.5134058386196787,0.29904761904761906,0.023749659863945578
605,1,0.0,0.0,0.0,0.0,1.5614694247763998,0.08,0.0256
606,1,0.0,0.0,0.0,0.0,1.5841707585125298,0.24666666666666667,0.02737777777777778
607,1,0.0,0.0,0.0,0.0,1.333074293476779,0.14666666666666667,0.032711111111111114
608,1,0.0,0.0,0.0,0.0,1.4886936332683076,0.11333333333333333,0.00871111111111111
609,1,0.0,0.0,0.0,0.0,1.4490023958526383,0.21333333333333332,0.04204444444444445
610,1,0.0,0.0,0.0,0.0,1.4708084763221114,0.1,0.015000000000000003
611,1,0.0,10.0,10.0,200.0,1.487798380001651,0.09166666666666666,0.01694444444444444
612,1,0.0,0.0,0.0,0.0,1.4886936332683078,0.18,0.02737777777777778
613,1,0.0,0.0,0.0,0.0,1.5444795210968603,0.19,0.0344
614,1,0.0,0.0,0.0,0.0,1.56718085483299,0.22000000000000003,0.041600000000000005
615,1,0.0,0.0,0.0,0.0,1.5545472778722047,0.2,0.03200000000000001
616,1,0.0,0.0,0.0,0.0,1.56718085483299,0.22999999999999998,0.041600000000000005
617,1,0.0,0.0,0.0,0.0,1.5260394155804642,0.4523809523809524,0.004308390022675738
618,1,0.0,0.0,0.0,0.0,1.5444795210968603,0.17333333333333334,0.033511111111111117
619,1,0.0,0.0,0.0,0.0,1.4702535277519118,0.24238095238095236,0.020708390022675733
620,1,0.0,0.0,0.0,0.0,1.4446460691338838,0.31666666666666665,0.034444444444444444
621,1,0.0,10.0,10.0,200.0,1.5545472778722047,0.16,0.03840000000000001
622,1,0.0,0.0,0.0,0.0,1.5968043354733152,0.13,0.027600000000000003
623,1,0.0,0.0,0.0,0.0,1.5444795210968603,0.22333333333333333,0.02617777777777778
624,1,0.0,0.0,0.0,0.0,1.4964159349401391,0.09,0.0124
625,1,0.0,0.0,0.0,0.0,1.4263010621165084,0.22222222222222224,0.05308641975308642
626,1,0.0,0.0,0.0,0.0,1.5444795210968603,0.21333333333333332,0.04204444444444445
627,1,0.0,10.0,10.0,200.0,1.487798380001651,0.15,0.039999999999999994
628,1,0.0,0.0,0.0,0.0,1.596804335473315,0.20666666666666664,0.037511111111111106
629,1,0.0,10.0,10.0,200.0,1.5444795210968603,0.22999999999999998,0.041600000000000005
630,1,0.0,10.0,10.0,200.0,1.5444795210968603,0.21333333333333332,0.042044444444444454
631,1,0.0,0.0,0.0,0.0,1.526039415580464,0.12857142857142856,0.037551020408163265
632,1,0.0,0.0,0.0,0.0,1.4150225884935588,0.215,0.039900000000000005
633,1,0.0,10.0,10.0,200.0,1.400138654928281,0.14444444444444443,0.039012345679012336
634,1,0.0,0.0,0.0,0.0,1.5671808548329902,0.27,0.029599999999999998
635,1,0.0,0.0,0.0,0.0,1.4786258764929634,0.31666666666666665,0.034444444444444444
636,1,0.0,0.0,0.0,0.0,1.5444795210968603,0.27999999999999997,0.053599999999999995
637,1,0.0,10.0,10.0,200.0,1.4964159349401391,0.1757142857142857,0.026359183673469382
638,1,0.0,0.0,0.0,0.0,1.487798380001651,0.075,0.009999999999999998
639,1,0.0,0.0,0.0,0.0,1.5741030017371853,0.16666666666666666,0.04444444444444445
640,1,0.0,0.0,0.0,0.0,1.5444795210968603,0.30666666666666664,0.036177777777777774
641,1,0.0,0.0,0.0,0.0,1.5444795210968603,0.1,0.01777777777777778
642,1,0.0,0.0,0.0,0.0,1.5444795210968603,0.24,0.0504
643,1,0.0,0.0,0.0,0.0,1.5968043354733152,0.13999999999999999,0.0384
644,1,0.0,0.0,0.0,0.0,1.3923212547574289,0.2333333333333333,0.04000000000000001
645,1,0.0,0.0,0.0,0.0,1.5134058386196787,0.15238095238095237,0.03573696145124716
646,1,0.0,0.0,0.0,0.0,1.3966775814761834,0.30666666666666664,0.036177777777777774
647,1,0.0,0.0,0.0,0.0,1.4708084763221114,0.2,0.035
648,1,0.0,0.0,0.0,0.0,1.4702535277519118,0.16857142857142854,0.03366530612244898
649,1,0.0,0.0,0.0,0.0,1.4702535277519118,0.1638095238095238,0.019715192743764168
650,1,0.0,0.0,0.0,0.0,1.4737146012040094,0.11904761904761904,0.028117913832199547
651,1,0.0,0.0,0.0,0.0,1.5013272102290933,0.12333333333333334,0.010844444444444445
652,1,0.0,0.0,0.0,0.0,1.5841707585125298,0.08,0.009600000000000001
653,1,0.0,0.0,0.0,0.0,1.4184836619456564,0.20833333333333331,0.04027777777777778
654,1,0.0,0.0,0.0,0.0,1.5841707585125298,0.16,0.038400000000000004
655,1,0.0,0.0,0.0,0.0,1.5614694247763998,0.24666666666666667,0.04337777777777778
656,1,0.0,10.0,10.0,200.0,1.5614694247763998,0.13999999999999999,0.016177777777777777
657,1,0.0,0.0,0.0,0.0,1.5260394155804642,0.35238095238095235,0.03478458049886622
658,1,0.0,0.0,0.0,0.0,1.3308239368722865,0.13333333333333333,0.026666666666666665
659,1,0.0,10.0,10.0,200.0,1.5148560404565352,0.31999999999999995,0.03760000000000001
660,1,0.0,0.0,0.0,0.0,1.501327210229093,0.22333333333333333,0.02617777777777778
661,1,0.0,0.0,0.0,0.0,1.289921982609012,,
662,1,0.0,0.0,0.0,0.0,1.5741030017371853,0.16666666666666666,0.019444444444444445
663,1,0.0,0.0,0.0,0.0,1.4490023958526383,0.23333333333333334,0.05111111111111112
664,1,0.0,0.0,0.0,0.0,1.415022588493559,0.33999999999999997,0.0424
665,1,0.0,0.0,0.0,0.0,1.5741030017371853,0.15,0.039999999999999994
666,1,0.0,0.0,0.0,0.0,1.5671808548329902,0.27999999999999997,0.037599999999999995
667,1,0.0,10.0,10.0,200.0,1.5671808548329902,0.18,0.024600000000000004
668,1,0.0,0.0,0.0,0.0,1.5614694247764,0.06666666666666667,0.017777777777777778
669,1,0.0,10.0,10.0,200.0,1.5047882836811906,0.29999999999999993,0.026666666666666665
670,1,0.0,0.0,0.0,0.0,1.4406300471115867,0.23714285714285716,0.026089795918367346
671,1,0.0,0.0,0.0,0.0,1.5614694247763998,0.21333333333333332,0.030933333333333334
672,1,0.0,0.0,0.0,0.0,1.5047882836811908,0.18333333333333332,0.023333333333333327
673,1,0.0,0.0,0.0,0.0,1.596804335473315,0.29,0.0364
674,1,0.0,10.0,10.0,200.0,1.5444795210968603,0.09,0.0124
675,1,0.0,0.0,0.0,0.0,1.4886936332683078,0.11333333333333333,0.024711111111111107
676,1,0.0,0.0,0.0,0.0,1.333074293476779,0.04,0.0064
677,1,0.0,10.0,10.0,200.0,1.496415934940139,0.20714285714285713,0.035918367346938776
678,1,0.0,0.0,0.0,0.0,1.458174899361326,0.20666666666666664,0.037511111111111106
679,1,0.007812738418579102,0.0,0.0,0.0,1.5444795210968603,0.14666666666666667,0.032711111111111114
680,1,0.0,0.0,0.0,0.0,1.5968043354733152,0.3466666666666667,0.03404444444444445
681,1,0.0,0.0,0.0,0.0,1.5741030017371853,0.3333333333333333,0.008333333333333333
682,1,0.0,0.0,0.0,0.0,1.4708084763221112,0.2,0.035
683,1,0.0,0.0,0.0,0.0,1.5841707585125298,0.18666666666666668,0.02737777777777778
684,1,0.0,0.0,0.0,0.0,1.5444795210968603,0.29,0.014177777777777779
685,1,0.0,0.0,0.0,0.0,1.5260394155804642,0.2523809523809524,0.020260770975056692
686,1,0.0,10.0,10.0,200.0,1.5444795210968603,0.26666666666666666,0.05111111111111112
687,1,0.0,0.0,0.0,0.0,1.4320124921730986,0.0,0.0
688,1,0.0,0.0,0.0,0.0,1.596804335473315,0.15666666666666668,0.01817777777777778
689,1,0.0,10.0,10.0,200.0,1.5148560404565352,0.18,0.0496
690,1,0.0,0.0,0.0,0.0,1.3592367006650063,0.18,0.0336
691,1,0.0,0.0,0.0,0.0,1.3831487512487415,0.11666666666666665,0.02111111111111111
692,1,0.0,0.0,0.0,0.0,1.5841707585125298,0.31333333333333335,0.012266666666666665
693,1,0.0,0.0,0.0,0.0,1.3195454632493369,,
694,1,0.0,0.0,0.0,0.0,1.4446460691338838,0.31666666666666665,0.034444444444444444
695,1,0.0,0.0,0.0,0.0,1.5260394155804642,0.4238095238095238,0.008934240362811794
696,1,0.0,0.0,0.0,0.0,1.596804335473315,0.35666666666666663,0.015511111111111111
697,1,0.0,0.0,0.0,0.0,1.5148560404565352,0.12000000000000002,0.025600000000000005
698,2,0.0,6.666666666666667,0.0,133.33333333333331,1.487798380001651,0.19166666666666665,0.026111111111111113
699,1,0.0,0.0,0.0,0.0,1.3762266043445464,,
700,1,0.0,10.0,10.0,200.0,1.526039415580464,0.2952380952380952,0.03913832199546485
701,1,0.0,0.0,0.0,0.0,1.5148560404565352,0.45999999999999996,0.0023999999999999985
702,1,0.0,0.0,0.0,0.0,1.5968043354733152,0.22999999999999998,0.041600000000000005
703,1,0.0,0.0,0.0,0.0,1.5013272102290933,0.15666666666666668,0.01817777777777778
704,1,0.0,0.0,0.0,0.0,1.5671808548329902,0.31,0.0304
705,1,0.0,10.0,10.0,200.0,1.5614694247763998,0.21333333333333332,0.030933333333333334
706,1,0.0,0.0,0.0,0.0,1.4964159349401391,0.15857142857142859,0.02343673469387755
707,1,0.0,0.0,0.0,0.0,1.56718085483299,0.09,0.0124
708,1,0.0,0.0,0.0,0.0,1.56718085483299,0.13999999999999999,0.013399999999999999
709,1,0.0,0.0,0.0,0.0,1.5741030017371853,0.3,0.037777777777777785
710,1,0.0,10.0,10.0,200.0,1.5444795210968603,0.25666666666666665,0.02684444444444444
711,1,0.0,0.0,0.0,0.0,1.5741030017371853,0.35,0.006666666666666668
712,1,0.0,0.0,0.0,0.0,1.5444795210968603,0.18,0.02737777777777778
713,1,0.0,0.0,0.0,0.0,1.5217781873607303,0.3333333333333333,0.03333333333333334
714,1,0.0,10.0,10.0,200.0,1.5968043354733152,0.30666666666666664,0.036177777777777774
715,1,0.0,10.0,10.0,200.0,1.4305622903362423,0.21904761904761907,0.04430839002267574
716,1,0.0,0.0,0.0,0.0,1.5571130980576458,0.2,0.06000000000000001
717,1,0.0,0.0,0.0,0.0,1.5545472778722047,0.2866666666666666,0.014044444444444443
718,1,0.0,0.0,0.0,0.0,1.5260394155804642,0.10714285714285714,0.0173469387755102
719,1,0.0,0.0,0.0,0.0,1.4702535277519118,0.13714285714285715,0.02951836734693878
720,2,0.0,6.666666666666667,0.0,133.33333333333331,1.5444795210968603,0.15666666666666668,0.01817777777777778
721,1,0.0,0.0,0.0,0.0,1.5671808548329902,0.32,0.0376
722,1,0.0,0.0,0.0,0.0,1.5741030017371853,0.15,0.039999999999999994
723,1,0.0,0.0,0.0,0.0,1.094056456831614,,
724,1,0.0,0.0,0.0,0.0,1.4702535277519118,0.2538095238095238,0.018629478458049888
725,1,0.0,0.0,0.0,0.0,1.5671808548329902,0.17,0.023600000000000003
726,1,0.0,10.0,10.0,200.0,1.4877983800016508,0.15,0.039999999999999994
727,1,0.0,10.0,10.0,200.0,1.5444795210968603,0.24,0.02817777777777778
728,1,0.0,10.0,10.0,200.0,1.5444795210968603,0.29666666666666663,0.028711111111111114
729,1,0.0,0.0,0.0,0.0,1.5968043354733152,0.27999999999999997,0.028600000000000004
730,1,0.0,0.0,0.0,0.0,1.4737146012040092,0.12857142857142856,0.03755102040816327
731,1,0.0,0.0,0.0,0.0,1.5571130980576458,0.2833333333333333,0.012777777777777777
732,1,0.0,0.0,0.0,0.0,1.4964159349401391,0.3657142857142857,0.034987755102040816
733,1,0.0,0.0,0.0,0.0,1.4263010621165084,0.18888888888888888,0.05382716049382715
734,1,0.0,0.0,0.0,0.0,1.5545472778722047,0.12000000000000002,0.009600000000000001
735,1,0.0,0.0,0.0,0.0,1.5013272102290933,0.27999999999999997,0.028600000000000004
736,1,0.0,0.0,0.0,0.0,1.5741030017371853,0.21666666666666665,0.03777777777777777
737,1,0.0,0.0,0.0,0.0,1.5671808548329902,0.41,0.0084
738,1,0.0,0.0,0.0,0.0,1.5741030017371853,0.25,0.05
739,1,0.0,0.0,0.0,0.0,1.5571130980576458,0.3,0.035
740,1,0.0,10.0,10.0,200.0,1.5217781873607303,0.19999999999999998,0.03777777777777778
741,1,0.0,0.0,0.0,0.0,1.596804335473315,0.16666666666666666,0.019444444444444445
742,1,0.0,10.0,10.0,200.0,1.5671808548329902,0.22000000000000003,0.041600000000000005
743,1,0.0,10.0,10.0,200.0,1.5841707585125295,0.14666666666666667,0.032711111111111114
744,1,0.0,0.0,0.0,0.0,1.5545472778722047,0.10666666666666666,0.01884444444444444
745,1,0.0,0.0,0.0,0.0,1.5444795210968603,0.2733333333333333,0.027733333333333332
746,1,0.0,0.0,0.0,0.0,1.5444795210968603,0.30666666666666664,0.036177777777777774
747,1,0.0,0.0,0.0,0.0,1.4708084763221114,0.325,0.034999999999999996
748,1,0.0,0.0,0.0,0.0,1.444646069133884,0.31666666666666665,0.034444444444444444
749,1,0.0,10.0,10.0,200.0,1.5841707585125298,0.24666666666666667,0.02737777777777778
750,1,0.0,0.0,0.0,0.0,1.5444795210968603,0.15,0.039999999999999994
751,1,0.0,0.0,0.0,0.0,1.4702535277519118,0.10714285714285714,0.0173469387755102
752,1,0.0,10.0,10.0,200.0,1.4702535277519115,0.16857142857142854,0.03366530612244898
753,1,0.0,0.0,0.0,0.0,1.5614694247763998,0.10666666666666666,0.018844444444444445
754,1,0.0,0.0,0.0,0.0,1.5148560404565352,0.29333333333333333,0.033511111111111117
755,1,0.0,0.0,0.0,0.0,1.5444795210968603,0.24,0.0504
756,1,0.0,0.0,0.0,0.0,1.4263010621165084,0.3055555555555555,0.030864197530864196
757,1,0.0,0.0,0.0,0.0,1.4490023958526383,0.16666666666666666,0.044444444444444446
758,1,0.0,0.0,0.0,0.0,1.4490023958526383,0.3466666666666667,0.03404444444444445
759,1,0.0,0.0,0.0,0.0,1.5148560404565352,0.2866666666666667,0.03004444444444444
760,1,0.0,10.0,10.0,200.0,1.5614694247763998,0.20666666666666664,0.015288888888888888
761,1,0.0,0.0,0.0,0.0,1.4305622903362423,0.2523809523809524,0.045260770975056694
762,1,0.0,10.0,10.0,200.0,1.6094379124341005,0.25,0.025
763,1,0.0,0.0,0.0,0.0,1.2396080398477984,,
764,1,0.0,0.0,0.0,0.0,1.56718085483299,0.27,0.029599999999999998
765,1,0.0,0.0,0.0,0.0,1.56718085483299,0.19,0.0344
766,2,0.0,6.666666666666667,0.0,133.33333333333331,1.5217781873607303,0.26666666666666666,0.028888888888888888
767,1,0.0,0.0,0.0,0.0,1.5571130980576458,0.36666666666666664,0.012777777777777777
768,1,0.0,0.0,0.0,0.0,1.4490023958526383,0.21333333333333332,0.042044444444444454
769,1,0.0,0.0,0.0,0.0,1.4490023958526383,0.27999999999999997,0.053599999999999995
770,1,0.0,0.0,0.0,0.0,1.4475521940157818,0.15238095238095237,0.03573696145124717
771,1,0.0,0.0,0.0,0.0,1.5741030017371853,0.3,0.037777777777777785
772,1,0.0,0.0,0.0,0.0,1.333074293476779,0.31666666666666665,0.034444444444444444
773,1,0.0,0.0,0.0,0.0,1.425651015047288,0.24285714285714283,0.04408163265306122
774,1,0.0,0.0,0.0,0.0,1.5841707585125298,0.13999999999999999,0.038400000000000004
775,1,0.0,0.0,0.0,0.0,1.444646069133884,0.3416666666666667,0.03361111111111111
776,1,0.0,0.0,0.0,0.0,1.4263010621165086,0.07222222222222222,0.009753086419753086
777,1,0.0,0.0,0.0,0.0,1.5444795210968603,0.22999999999999998,0.041600000000000005
778,1,0.0,10.0,10.0,200.0,1.5444795210968603,0.07333333333333333,0.008177777777777777
779,1,0.0,0.0,0.0,0.0,1.5614694247763998,0.2733333333333333,0.027733333333333332
780,1,0.0,0.0,0.0,0.0,1.4786258764929634,0.13333333333333333,0.037777777777777785
781,1,0.0,0.0,0.0,0.0,1.5444795210968603,0.2333333333333333,0.05111111111111112
782,1,0.0,0.0,0.0,0.0,1.496415934940139,0.3871428571428571,0.010946938775510204
783,1,0.0,0.0,0.0,0.0,1.5444795210968603,0.32999999999999996,0.013377777777777777
784,1,0.0,0.0,0.0,0.0,1.4708084763221114,0.05,0.010000000000000004
785,1,0.0,0.0,0.0,0.0,1.5571130980576458,0.45,0.010000000000000004
786,1,0.0,0.0,0.0,0.0,1.56718085483299,0.13,0.027600000000000003
787,1,0.0,0.0,0.0,0.0,1.4490023958526383,0.06666666666666667,0.017777777777777778
788,1,0.0,10.0,10.0,200.0,1.4886936332683076,0.13999999999999999,0.038400000000000004
789,1,0.0,0.0,0.0,0.0,1.4737146012040092,0.21904761904761907,0.04430839002267574
790,1,0.0,0.0,0.0,0.0,1.5013272102290933,0.27999999999999997,0.0536
791,1,0.0,0.0,0.0,0.0,1.5217781873607306,0.36666666666666664,0.03777777777777778
792,1,0.0,0.0,0.0,0.0,1.5444795210968603,0.15666666666666668,0.01817777777777778
793,1,0.0,0.0,0.0,0.0,1.3705151742879562,0.20666666666666664,0.037511111111111106
794,1,0.0,0.0,0.0,0.0,1.4263010621165084,0.18888888888888888,0.05382716049382715
795,1,0.0,0.0,0.0,0.0,1.4786258764929634,0.21666666666666665,0.015555555555555555
796,1,0.0,0.0,0.0,0.0,1.5047882836811908,0.2333333333333333,0.04
797,1,0.0,0.0,0.0,0.0,1.5013272102290933,0.22333333333333333,0.026177777777777772
798,1,0.0,0.0,0.0,0.0,1.487798380001651,0.14166666666666666,0.017777777777777774
799,1,0.0,0.0,0.0,0.0,1.4964159349401391,0.3371428571428571,0.03466122448979592
800,1,0.0,0.0,0.0,0.0,1.5217781873607303,0.3333333333333333,0.03333333333333334
801,1,0.0,0.0,0.0,0.0,1.56718085483299,0.32,0.0376
802,1,0.0,0.0,0.0,0.0,1.4737146012040092,0.3,0.037777777777777785
803,1,0.0,0.0,0.0,0.0,1.5571130980576455,0.23333333333333334,0.026111111111111113
804,1,0.0,10.0,10.0,200.0,1.5444795210968603,0.30666666666666664,0.036177777777777774
805,1,0.0,0.0,0.0,0.0,1.5741030017371853,0.23333333333333334,0.05111111111111111
806,1,0.0,0.0,0.0,0.0,1.5047882836811908,0.31666666666666665,0.034444444444444444
807,1,0.0,0.0,0.0,0.0,1.5113949670044375,0.16,0.022400000000000003
808,1,0.0,10.0,10.0,200.0,1.5841707585125298,0.14666666666666667,0.01671111111111111
809,1,0.0,0.0,0.0,0.0,1.501327210229093,0.27999999999999997,0.053599999999999995
810,1,0.0,0.0,0.0,0.0,1.458174899361326,0.15666666666666668,0.01817777777777778
811,1,0.0,0.0,0.0,0.0,1.5444795210968603,0.22999999999999998,0.01937777777777778
812,1,0.0,10.0,10.0,200.0,1.5444795210968603,0.13,0.027600000000000003
813,1,0.0,0.0,0.0,0.0,1.4964159349401391,0.20714285714285713,0.035918367346938776
814,1,0.0,0.0,0.0,0.0,1.5444795210968603,0.18,0.02737777777777778
815,1,0.0,0.0,0.0,0.0,1.4406300471115867,0.04,0.0064
816,1,0.0,0.0,0.0,0.0,1.5671808548329902,0.27999999999999997,0.0376
817,1,0.0,0.0,0.0,0.0,1.5260394155804642,0.30238095238095236,0.030022675736961452
818,1,0.0,10.0,10.0,200.0,1.5741030017371853,0.18333333333333332,0.02333333333333333
819,1,0.0,0.0,0.0,0.0,1.5444795210968603,0.21333333333333332,0.042044444444444454
820,1,0.0,10.0,10.0,200.0,1.5671808548329902,0.09,0.0124
821,1,0.0,0.0,0.0,0.0,1.5217781873607303,0.13333333333333333,0.037777777777777785
822,1,0.0,0.0,0.0,0.0,1.482887104712697,0.17857142857142855,0.00969387755102041
823,1,0.0,10.0,10.0,200.0,1.5968043354733152,0.19,0.0344
824,1,0.0,0.0,0.0,0.0,1.5444795210968603,0.15666666666666668,0.01817777777777778
825,1,0.0,0.0,0.0,0.0,1.4708084763221112,0.4,0.04
826,1,0.0,10.0,10.0,200.0,1.5444795210968603,0.24,0.0504
827,1,0.0,10.0,10.0,200.0,1.5444795210968603,0.2633333333333333,0.0196
828,1,0.0,0.0,0.0,0.0,1.5545472778722047,0.26,0.030400000000000003
829,1,0.0,0.0,0.0,0.0,1.56718085483299,0.37,0.0156
830,1,0.007811903953552245,0.0,0.0,0.0,1.5444795210968603,0.24666666666666667,0.04337777777777778
831,1,0.0,10.0,10.0,200.0,1.5047882836811908,0.4,0.04
832,1,0.0,0.0,0.0,0.0,1.596804335473315,0.22999999999999998,0.041600000000000005
833,1,0.0,0.0,0.0,0.0,1.56718085483299,0.22999999999999998,0.0256
834,1,0.0,0.0,0.0,0.0,1.5148560404565352,0.31999999999999995,0.0376
835,1,0.0,10.0,10.0,200.0,1.5571130980576455,0.21666666666666665,0.012777777777777777
836,1,0.0,10.0,10.0,200.0,1.5545472778722047,0.26,0.0304
837,1,0.0,0.0,0.0,0.0,1.4406300471115867,0.20571428571428568,0.034416326530612246
838,1,0.0,0.0,0.0,0.0,1.3350851650920204,,
839,1,0.0,0.0,0.0,0.0,1.5148560404565352,0.2866666666666667,0.030044444444444447
840,1,0.0,0.0,0.0,0.0,1.5671808548329902,0.24,0.0254
841,1,0.0,10.0,10.0,200.0,1.5217781873607306,0.16666666666666666,0.04444444444444445
842,1,0.0,0.0,0.0,0.0,1.5134058386196787,0.27523809523809517,0.032547845804988665
843,1,0.0,0.0,0.0,0.0,1.5841707585125298,0.3033333333333333,0.004933333333333334
844,1,0.0,0.0,0.0,0.0,1.4305622903362423,0.22380952380952382,0.038458049886621326
845,1,0.0,0.0,0.0,0.0,1.5444795210968603,0.11333333333333333,0.024711111111111107
846,1,0.0,0.0,0.0,0.0,1.5671808548329902,0.27,0.029599999999999998
847,1,0.0,0.0,0.0,0.0,1.5545472778722045,0.26,0.04640000000000001
848,1,0.0,0.0,0.0,0.0,1.5260394155804642,0.27380952380952384,0.026077097505668934
849,1,0.0,0.0,0.0,0.0,1.4737146012040092,0.11904761904761904,0.028117913832199547
850,1,0.0,0.0,0.0,0.0,1.56718085483299,0.18,0.0086
851,1,0.0,0.0,0.0,0.0,1.56718085483299,0.17,0.023600000000000003
852,1,0.0,10.0,10.0,200.0,1.5134058386196787,0.2352380952380952,0.02896689342403628
853,1,0.0,0.0,0.0,0.0,1.4737146012040092,0.3238095238095238,0.03369614512471655
854,1,0.0,10.0,10.0,200.0,1.5260394155804642,0.12380952380952381,0.023219954648526074
855,1,0.0,0.0,0.0,0.0,1.4886936332683078,0.21333333333333332,0.014933333333333331
856,1,0.0,10.0,10.0,200.0,1.596804335473315,0.32999999999999996,0.0356
857,1,0.0,10.0,10.0,200.0,1.5571130980576458,0.3,0.035
858,1,0.0,0.0,0.0,0.0,1.5148560404565352,0.26,0.04640000000000001
859,1,0.0,0.0,0.0,0.0,1.5841707585125298,0.14666666666666667,0.03271111111111112
860,1,0.0,0.0,0.0,0.0,1.4490023958526383,0.13333333333333333,0.037777777777777785
861,1,0.0,0.0,0.0,0.0,1.400138654928281,0.07222222222222222,0.009753086419753084
862,1,0.0,0.0,0.0,0.0,1.5614694247763998,0.31333333333333335,0.02826666666666667
863,1,0.0,0.0,0.0,0.0,1.4737146012040092,0.2523809523809524,0.045260770975056694
864,1,0.0,0.0,0.0,0.0,1.5260394155804642,0.27380952380952384,0.026077097505668934
865,1,0.0,0.0,0.0,0.0,1.5134058386196787,0.1638095238095238,0.019715192743764168
866,1,0.0,0.0,0.0,0.0,1.5013272102290933,0.25666666666666665,0.02684444444444444
867,1,0.0,0.0,0.0,0.0,1.4184836619456564,0.26666666666666666,0.05111111111111112
868,1,0.0,0.0,0.0,0.0,1.5444795210968603,0.2633333333333333,0.0196
869,1,0.0,0.0,0.0,0.0,1.5444795210968603,0.21333333333333332,0.042044444444444454
870,1,0.0,0.0,0.0,0.0,1.4490023958526383,0.14666666666666667,0.032711111111111114
871,1,0.0,0.0,0.0,0.0,1.5444795210968603,0.11333333333333333,0.02471111111111111
872,1,0.0,0.0,0.0,0.0,1.4737146012040092,0.1857142857142857,0.030022675736961445
873,1,0.0,10.0,10.0,200.0,1.5571130980576458,0.2833333333333333,0.03777777777777778
874,1,0.0,0.0,0.0,0.0,1.5571130980576458,0.31666666666666665,0.034444444444444444
875,1,0.0,10.0,10.0,200.0,1.5614694247763998,0.24666666666666665,0.021155555555555556
876,1,0.0,0.0,0.0,0.0,1.3350851650920204,,
877,1,0.0,0.0,0.0,0.0,1.5671808548329902,0.18,0.0086
878,1,0.0,0.0,0.0,0.0,1.5430293192600038,0.29047619047619044,0.02639455782312925
879,1,0.0,10.0,10.0,200.0,1.4886936332683078,0.15333333333333332,0.022044444444444443
880,1,0.0,10.0,10.0,200.0,1.4964159349401391,0.18571428571428572,0.05224489795918367
881,1,0.0,0.0,0.0,0.0,1.5260394155804642,0.2738095238095238,0.026077097505668934
882,1,0.0,0.0,0.0,0.0,1.5571130980576458,0.2333333333333333,0.05111111111111112
883,1,0.0,0.0,0.0,0.0,1.289921982609012,0.08,0.0256
884,1,0.0,0.0,0.0,0.0,1.5444795210968603,0.25666666666666665,0.02684444444444445
885,1,0.0,0.0,0.0,0.0,1.5430293192600038,0.10714285714285714,0.0173469387755102
886,1,0.0,0.0,0.0,0.0,1.596804335473315,0.1,0.04000000000000001
887,1,0.0,0.0,0.0,0.0,1.5013272102290933,0.15666666666666665,0.018177777777777775
888,1,0.0,0.0,0.0,0.0,1.5671808548329902,0.22999999999999998,0.0256
889,2,0.0,6.666666666666667,0.0,133.33333333333331,1.5741030017371853,0.18333333333333332,0.023333333333333327
890,1,0.0,0.0,0.0,0.0,1.4877983800016508,0.075,0.0225
891,1,0.0,0.0,0.0,0.0,1.5841707585125298,0.19666666666666666,0.028044444444444445
892,1,0.0,0.0,0.0,0.0,1.5113949670044375,0.22000000000000003,0.0256
893,1,0.0,0.0,0.0,0.0,1.4708084763221114,0.225,0.04000000000000001
894,1,0.0,0.0,0.0,0.0,1.5671808548329902,0.37,0.0156
895,1,0.0,10.0,10.0,200.0,1.5217781873607303,0.16666666666666666,0.04444444444444445
896,1,0.0,10.0,10.0,200.0,1.5968043354733152,0.3466666666666667,0.009044444444444445
897,1,0.0,10.0,10.0,200.0,1.5260394155804642,0.11666666666666665,0.02111111111111111
898,1,0.0,0.0,0.0,0.0,1.5741030017371853,0.16666666666666666,0.019444444444444445
899,1,0.0,10.0,10.0,200.0,1.5260394155804642,0.27380952380952384,0.026077097505668934
900,1,0.0,10.0,10.0,200.0,1.5444795210968603,0.20666666666666664,0.037511111111111106
901,1,0.0,0.0,0.0,0.0,1.349168943889662,0.075,0.0225
902,1,0.0,0.0,0.0,0.0,1.5148560404565352,0.06666666666666667,0.017777777777777778
903,1,0.0,0.0,0.0,0.0,1.344257668600708,0.2571428571428571,0.050204081632653066
904,1,0.0,10.0,10.0,200.0,1.4702535277519118,0.2138095238095238,0.013334240362811788
905,1,0.0,0.0,0.0,0.0,1.5444795210968603,0.29,0.014177777777777779
906,1,0.0,0.0,0.0,0.0,1.5260394155804642,0.3071428571428571,0.03448979591836736
907,1,0.0,0.0,0.0,0.0,1.5444795210968603,0.3466666666666667,0.03404444444444445
908,1,0.0,0.0,0.0,0.0,1.56718085483299,0.08,0.009600000000000003
909,1,0.0,10.0,10.0,200.0,1.5741030017371853,0.11666666666666665,0.02111111111111111
910,1,0.0,0.0,0.0,0.0,1.4320124921730986,0.13999999999999999,0.038400000000000004
911,1,0.0,0.0,0.0,0.0,1.5968043354733152,0.21666666666666665,0.03777777777777777
912,1,0.0,0.0,0.0,0.0,1.5741030017371853,0.1,0.04000000000000001
913,1,0.0,0.0,0.0,0.0,1.4737146012040092,0.32380952380952377,0.033696145124716546
914,1,0.0,0.0,0.0,0.0,1.501327210229093,0.24,0.0254
915,1,0.0,0.0,0.0,0.0,1.5671808548329902,0.37,0.0156
916,1,0.0,0.0,0.0,0.0,1.5571130980576458,0.36666666666666664,0.03777777777777778
917,1,0.0,0.0,0.0,0.0,1.4708084763221112,0.225,0.04
918,1,0.0,0.0,0.0,0.0,1.5444795210968603,0.22999999999999998,0.041600000000000005
919,1,0.0,0.0,0.0,0.0,1.5260394155804642,0.18571428571428572,0.05224489795918367
920,1,0.0,0.0,0.0,0.0,1.5671808548329902,0.33999999999999997,0.0424
921,1,0.0,0.0,0.0,0.0,1.5444795210968603,0.24666666666666667,0.04337777777777778
922,1,0.0,0.0,0.0,0.0,1.4737146012040092,0.2523809523809524,0.045260770975056694
923,1,0.0,0.0,0.0,0.0,1.5968043354733152,0.29,0.0364
924,1,0.0,0.0,0.0,0.0,1.5134058386196787,0.09523809523809523,0.017233560090702944
925,1,0.0,0.0,0.0,0.0,1.5741030017371853,0.26666666666666666,0.05111111111111111
926,1,0.0,0.0,0.0,0.0,1.5841707585125298,0.19666666666666666,0.028044444444444448
927,1,0.0,0.0,0.0,0.0,1.5134058386196787,0.2704761904761905,0.01961360544217687
928,1,0.0,10.0,10.0,200.0,1.596804335473315,0.1,0.040000000000000015
929,1,0.0,0.0,0.0,0.0,1.5444795210968603,0.4066666666666666,0.014844444444444443
930,1,0.0,0.0,0.0,0.0,1.4150225884935588,0.13,0.027600000000000003
931,1,0.0,10.0,10.0,200.0,1.5444795210968603,0.19666666666666668,0.028044444444444445
932,1,0.0,0.0,0.0,0.0,1.5047882836811908,0.26666666666666666,0.05111111111111112
933,1,0.0,0.0,0.0,0.0,1.248780543356486,,
934,1,0.0,0.0,0.0,0.0,1.5217781873607303,0.29999999999999993,0.026666666666666665
935,1,0.0,0.0,0.0,0.0,1.5571130980576458,0.2333333333333333,0.05111111111111112
936,1,0.0,0.0,0.0,0.0,1.5444795210968603,0.2966666666666667,0.02871111111111111
937,1,0.0,0.0,0.0,0.0,1.5134058386196787,0.2752380952380952,0.032547845804988665
938,1,0.0,0.0,0.0,0.0,1.370515174287956,0.22888888888888886,0.04511604938271605
939,1,0.0,0.0,0.0,0.0,1.4490023958526383,0.20666666666666664,0.037511111111111106
940,1,0.0,0.0,0.0,0.0,1.4877983800016508,0.15,0.039999999999999994
941,1,0.0,0.0,0.0,0.0,1.5968043354733152,0.19,0.0094
942,1,0.0,0.0,0.0,0.0,1.526039415580464,0.22857142857142856,0.05183673469387756
943,1,0.0,0.0,0.0,0.0,1.5545472778722047,0.16,0.022400000000000003
944,1,0.0,0.0,0.0,0.0,1.5148560404565352,0.07333333333333333,0.008177777777777779
945,1,0.0,0.0,0.0,0.0,1.5741030017371853,0.36666666666666664,0.03777777777777778
946,1,0.0,0.0,0.0,0.0,1.5013272102290933,0.24,0.0254
947,1,0.0,0.0,0.0,0.0,1.5741030017371853,0.26666666666666666,0.028888888888888888
948,1,0.0,0.0,0.0,0.0,1.5217781873607303,0.13333333333333333,0.037777777777777785
949,1,0.0,10.0,10.0,200.0,1.5968043354733152,0.1,0.015000000000000003
950,1,0.0,10.0,10.0,200.0,1.5217781873607303,0.13333333333333333,0.026666666666666665
951,1,0.0,0.0,0.0,0.0,1.5444795210968603,0.29,0.0364
952,1,0.0,0.0,0.0,0.0,1.458174899361326,0.11666666666666665,0.02111111111111111
953,1,0.0,10.0,10.0,200.0,1.6094379124341005,0.15,0.015000000000000003
954,1,0.0,10.0,10.0,200.0,1.3592367006650066,0.18,0.0336
955,1,0.0,0.0,0.0,0.0,1.4828871047126972,0.17857142857142855,0.034693877551020415
956,1,0.0,0.0,0.0,0.0,1.5614694247763998,0.2733333333333333,0.027733333333333332
957,1,0.0,0.0,0.0,0.0,1.5545472778722045,0.16,0.03840000000000001
958,1,0.0,0.0,0.0,0.0,1.5444795210968603,0.3633333333333333,0.006933333333333333
959,1,0.0,10.0,10.0,200.0,1.5545472778722047,0.12000000000000002,0.009600000000000001
960,1,0.0,0.0,0.0,0.0,1.5260394155804642,0.2571428571428571,0.050204081632653066
961,1,0.0,0.0,0.0,0.0,1.3762266043445464,,
962,1,0.0,10.0,10.0,200.0,1.5968043354733152,0.22999999999999998,0.041600000000000005
963,1,0.0,0.0,0.0,0.0,1.487798380001651,0.21666666666666665,0.037777777777777764
964,1,0.0,0.0,0.0,0.0,1.5217781873607303,0.13333333333333333,0.026666666666666665
965,1,0.0,0.0,0.0,0.0,1.5968043354733152,0.19,0.0344
966,1,0.0,0.0,0.0,0.0,1.4490023958526383,0.21333333333333332,0.042044444444444454
967,1,0.0032547712326049805,0.0,0.0,0.0,1.5614694247763998,0.16666666666666666,0.04444444444444445
968,1,0.0,0.0,0.0,0.0,1.5444795210968603,0.18,0.0496
969,1,0.0,0.0,0.0,0.0,1.5113949670044375,0.09,0.0124
970,1,0.0,0.0,0.0,0.0,1.5841707585125298,0.23666666666666666,0.018711111111111112
971,1,0.0,0.0,0.0,0.0,1.5741030017371853,0.21666666666666665,0.03777777777777777
972,1,0.0,0.0,0.0,0.0,1.5571130980576458,0.36666666666666664,0.012777777777777777
973,1,0.0,0.0,0.0,0.0,1.56718085483299,0.09,0.0124
974,1,0.0,0.0,0.0,0.0,1.425651015047288,0.05714285714285714,0.00489795918367347
975,1,0.0,10.0,10.0,200.0,1.4475521940157818,0.13333333333333333,0.026666666666666665
976,1,0.0,0.0,0.0,0.0,1.5260394155804642,0.2357142857142857,0.043673469387755105
977,1,0.0,0.0,0.0,0.0,1.4786258764929634,0.11666666666666665,0.02111111111111111
978,1,0.0,0.0,0.0,0.0,1.5841707585125298,0.23666666666666666,0.018711111111111112
979,1,0.0,0.0,0.0,0.0,1.4737146012040092,0.22380952380952382,0.03845804988662132
980,1,0.0,0.0,0.0,0.0,1.5260394155804642,0.2523809523809524,0.045260770975056694
981,1,0.0,0.0,0.0,0.0,1.5741030017371853,0.2333333333333333,0.015
982,1,0.0,0.0,0.0,0.0,1.5444795210968603,0.2633333333333333,0.0196
983,1,0.0,0.0,0.0,0.0,1.458174899361326,0.22166666666666668,0.033211111111111115
984,1,0.0,0.0,0.0,0.0,1.5968043354733152,0.21666666666666665,0.03777777777777777
985,1,0.0,0.0,0.0,0.0,1.5134058386196787,0.2257142857142857,0.04378775510204082
986,1,0.0,0.0,0.0,0.0,1.5047882836811908,0.31666666666666665,0.034444444444444444
987,1,0.0,0.0,0.0,0.0,1.5741030017371853,0.25,0.05
988,1,0.0,0.0,0.0,0.0,1.5260394155804642,0.19523809523809524,0.038185941043083906
989,1,0.0,0.0,0.0,0.0,1.5841707585125298,0.13,0.027600000000000003
990,1,0.0,0.0,0.0,0.0,1.56718085483299,0.18,0.024600000000000004
991,1,0.0,0.0,0.0,0.0,1.5841707585125298,0.23666666666666666,0.018711111111111112
992,1,0.0,0.0,0.0,0.0,1.5741030017371853,0.31666666666666665,0.034444444444444444
993,1,0.0,0.0,0.0,0.0,1.5444795210968603,0.3,0.06000000000000001
994,1,0.0,0.0,0.0,0.0,1.5841707585125298,0.1833333333333333,0.02333333333333333
995,1,0.0,0.0,0.0,0.0,1.5841707585125298,0.13,0.011600000000000003
996,1,0.0,0.0,0.0,0.0,1.5148560404565352,0.27999999999999997,0.0376
997,1,0.0,0.0,0.0,0.0,1.5444795210968603,0.39666666666666667,0.009377777777777778
998,1,0.0,0.0,0.0,0.0,1.35778649882815,,
999,1,0.0,0.0,0.0,0.0,1.5545472778722047,0.2,0.03200000000000001
